{
	"credit": "Made with Blockbench",
	"ambientocclusion": false,
	"texture_size": [32, 32],
	"textures": {
		"8": "colourshiftbow1"
	},
	"elements": [
		{
			"from": [7.63144, 11.33739, 7.5],
			"to": [8.63144, 16.33739, 8.5],
			"rotation": {"angle": 0, "axis": "y", "origin": [5.63144, 5.33739, 8]},
			"faces": {
				"north": {"uv": [3.5, 5.5, 4, 8], "texture": "#8"},
				"east": {"uv": [5.5, 4, 6, 6.5], "texture": "#8"},
				"south": {"uv": [6, 4, 6.5, 6.5], "texture": "#8"},
				"west": {"uv": [6.5, 4, 7, 6.5], "texture": "#8"},
				"up": {"uv": [8, 4, 7.5, 3.5], "texture": "#8"},
				"down": {"uv": [0.5, 9, 0, 9.5], "texture": "#8"}
			}
		},
		{
			"from": [6.03144, 15.23739, 7.5],
			"to": [7.03144, 17.73739, 8.5],
			"rotation": {"angle": -45, "axis": "z", "origin": [8.13144, 13.83739, 8]},
			"faces": {
				"north": {"uv": [0.5, 8, 1, 9.25], "texture": "#8"},
				"east": {"uv": [1, 8, 1.5, 9.25], "texture": "#8"},
				"south": {"uv": [1.5, 8, 2, 9.25], "texture": "#8"},
				"west": {"uv": [2, 8, 2.5, 9.25], "texture": "#8"},
				"up": {"uv": [2.5, 10, 2, 9.5], "texture": "#8"},
				"down": {"uv": [10, 2.5, 9.5, 3], "texture": "#8"}
			}
		},
		{
			"from": [8.79522, 16.71392, 6.7],
			"to": [10.19522, 19.21392, 9.3],
			"rotation": {"angle": -45, "axis": "x", "origin": [9.64522, 17.96392, 8]},
			"faces": {
				"north": {"uv": [7, 4, 7.75, 5.25], "texture": "#8"},
				"east": {"uv": [0.5, 5.5, 1.75, 6.75], "texture": "#8"},
				"south": {"uv": [7.5, 2, 8.25, 3.25], "texture": "#8"},
				"west": {"uv": [2, 5.5, 3.25, 6.75], "texture": "#8"},
				"up": {"uv": [4.75, 8.75, 4, 7.5], "texture": "#8"},
				"down": {"uv": [5.75, 7.5, 5, 8.75], "texture": "#8"}
			}
		},
		{
			"from": [10.04522, 16.96392, 6.95],
			"to": [10.44522, 18.96392, 9.05],
			"rotation": {"angle": -45, "axis": "x", "origin": [9.64522, 17.96392, 8]},
			"faces": {
				"north": {"uv": [9.5, 6, 9.75, 7], "texture": "#8"},
				"east": {"uv": [0.5, 7, 1.5, 8], "texture": "#8"},
				"south": {"uv": [6.5, 9.5, 6.75, 10.5], "texture": "#8"},
				"west": {"uv": [1.5, 7, 2.5, 8], "texture": "#8"},
				"up": {"uv": [7.25, 10.5, 7, 9.5], "texture": "#8"},
				"down": {"uv": [9.75, 7, 9.5, 8], "texture": "#8"}
			}
		},
		{
			"from": [8.74522, 18.46392, 7.5],
			"to": [9.74522, 24.96392, 8.5],
			"rotation": {"angle": 22.5, "axis": "z", "origin": [10.99522, 18.96392, 8]},
			"faces": {
				"north": {"uv": [0, 2, 0.5, 5.25], "texture": "#8"},
				"east": {"uv": [0.5, 2, 1, 5.25], "texture": "#8"},
				"south": {"uv": [1, 2, 1.5, 5.25], "texture": "#8"},
				"west": {"uv": [1.5, 2, 2, 5.25], "texture": "#8"},
				"up": {"uv": [10, 4, 9.5, 3.5], "texture": "#8"},
				"down": {"uv": [10, 4, 9.5, 4.5], "texture": "#8"}
			}
		},
		{
			"from": [11.09522, 24.91392, 7.5],
			"to": [12.09522, 31.41392, 8.5],
			"rotation": {"angle": 45, "axis": "z", "origin": [10.99522, 18.96392, 8]},
			"faces": {
				"north": {"uv": [2, 2, 2.5, 5.25], "texture": "#8"},
				"east": {"uv": [2.5, 2, 3, 5.25], "texture": "#8"},
				"south": {"uv": [3, 2, 3.5, 5.25], "texture": "#8"},
				"west": {"uv": [3.5, 2, 4, 5.25], "texture": "#8"},
				"up": {"uv": [10, 5, 9.5, 4.5], "texture": "#8"},
				"down": {"uv": [5.5, 9.5, 5, 10], "texture": "#8"}
			}
		},
		{
			"from": [8.74522, 3.21087, 7.5],
			"to": [9.74522, 9.71087, 8.5],
			"rotation": {"angle": -22.5, "axis": "z", "origin": [10.99522, 9.21087, 8]},
			"faces": {
				"north": {"uv": [4, 4, 4.5, 7.25], "texture": "#8"},
				"east": {"uv": [4.5, 4, 5, 7.25], "texture": "#8"},
				"south": {"uv": [5, 4, 5.5, 7.25], "texture": "#8"},
				"west": {"uv": [0, 5.5, 0.5, 8.75], "texture": "#8"},
				"up": {"uv": [10, 6, 9.5, 5.5], "texture": "#8"},
				"down": {"uv": [6.5, 9.5, 6, 10], "texture": "#8"}
			}
		},
		{
			"from": [-1.45478, 8.11087, 7.5],
			"to": [5.04522, 9.11087, 8.5],
			"rotation": {"angle": 45, "axis": "z", "origin": [10.99522, 9.21087, 8]},
			"faces": {
				"north": {"uv": [4, 2, 7.25, 2.5], "texture": "#8"},
				"east": {"uv": [9.5, 5, 10, 5.5], "texture": "#8"},
				"south": {"uv": [4, 2.5, 7.25, 3], "texture": "#8"},
				"west": {"uv": [5.5, 9.5, 6, 10], "texture": "#8"},
				"up": {"uv": [7.25, 3.5, 4, 3], "texture": "#8"},
				"down": {"uv": [7.25, 3.5, 4, 4], "texture": "#8"}
			}
		},
		{
			"from": [8.59522, 9.41392, 7],
			"to": [10.19522, 11.41392, 9],
			"rotation": {"angle": -45, "axis": "x", "origin": [10.49522, 10.41392, 8]},
			"faces": {
				"north": {"uv": [7, 5.5, 7.75, 6.5], "texture": "#8"},
				"east": {"uv": [5.5, 6.5, 6.5, 7.5], "texture": "#8"},
				"south": {"uv": [6, 7.5, 6.75, 8.5], "texture": "#8"},
				"west": {"uv": [6.5, 6.5, 7.5, 7.5], "texture": "#8"},
				"up": {"uv": [8.25, 7.5, 7.5, 6.5], "texture": "#8"},
				"down": {"uv": [7.75, 7.5, 7, 8.5], "texture": "#8"}
			}
		},
		{
			"from": [10.19522, 9.71392, 7.3],
			"to": [10.49522, 11.11392, 8.7],
			"rotation": {"angle": -45, "axis": "x", "origin": [10.49522, 10.41392, 8]},
			"faces": {
				"north": {"uv": [9.5, 8, 9.625, 8.75], "texture": "#8"},
				"east": {"uv": [8.5, 2, 9.25, 2.75], "texture": "#8"},
				"south": {"uv": [8.5, 9.5, 8.625, 10.25], "texture": "#8"},
				"west": {"uv": [8.5, 3, 9.25, 3.75], "texture": "#8"},
				"up": {"uv": [9.125, 10.25, 9, 9.5], "texture": "#8"},
				"down": {"uv": [9.625, 9.5, 9.5, 10.25], "texture": "#8"}
			}
		},
		{
			"from": [10.28144, 8.18739, 7.5],
			"to": [11.28144, 10.68739, 8.5],
			"rotation": {"angle": 45, "axis": "z", "origin": [8.13144, 7.83739, 8]},
			"faces": {
				"north": {"uv": [3.5, 8, 4, 9.25], "texture": "#8"},
				"east": {"uv": [8, 3.5, 8.5, 4.75], "texture": "#8"},
				"south": {"uv": [8, 5, 8.5, 6.25], "texture": "#8"},
				"west": {"uv": [8, 7.5, 8.5, 8.75], "texture": "#8"},
				"up": {"uv": [10, 3.5, 9.5, 3], "texture": "#8"},
				"down": {"uv": [4, 9.5, 3.5, 10], "texture": "#8"}
			}
		},
		{
			"from": [0.04402, 13.28281, 8],
			"to": [0.29402, 28.53281, 8],
			"rotation": {"angle": -22.5, "axis": "z", "origin": [0.16902, 20.78281, 8]},
			"faces": {
				"north": {"uv": [2.5, 7, 2.625, 14.625], "texture": "#8"},
				"east": {"uv": [0, 0, 0, 7.625], "texture": "#8"},
				"south": {"uv": [3, 7, 3.125, 14.625], "texture": "#8"},
				"west": {"uv": [0, 0, 0, 7.625], "texture": "#8"},
				"up": {"uv": [0.125, 0, 0, 0], "texture": "#8"},
				"down": {"uv": [0.125, 0, 0, 0], "texture": "#8"}
			}
		},
		{
			"from": [-2.5, 1.5, 8],
			"to": [-2.25, 16.1, 8],
			"rotation": {"angle": 22.5, "axis": "z", "origin": [2.875, 14.25, 8]},
			"faces": {
				"north": {"uv": [2.5, 7, 2.625, 14.625], "texture": "#8"},
				"east": {"uv": [0, 0, 0, 7.625], "texture": "#8"},
				"south": {"uv": [3, 7, 3.125, 14.625], "texture": "#8"},
				"west": {"uv": [0, 0, 0, 7.625], "texture": "#8"},
				"up": {"uv": [0.125, 0, 0, 0], "texture": "#8"},
				"down": {"uv": [0.125, 0, 0, 0], "texture": "#8"}
			}
		},
		{
			"from": [-3.5, 13.5, 7.25],
			"to": [14.5, 14.25, 8],
			"faces": {
				"north": {"uv": [0, 0, 9, 0.375], "texture": "#8"},
				"east": {"uv": [7.5, 9.5, 7.875, 9.875], "texture": "#8"},
				"south": {"uv": [0, 0.5, 9, 0.875], "texture": "#8"},
				"west": {"uv": [8, 9.5, 8.375, 9.875], "texture": "#8"},
				"up": {"uv": [9, 1.375, 0, 1], "texture": "#8"},
				"down": {"uv": [9, 1.5, 0, 1.875], "texture": "#8"}
			}
		},
		{
			"from": [-4, 12.5, 7.5],
			"to": [-2.5, 13.75, 7.75],
			"faces": {
				"north": {"uv": [8.5, 4, 9.25, 4.625], "texture": "#8"},
				"east": {"uv": [2, 10, 2.125, 10.625], "texture": "#8"},
				"south": {"uv": [8.5, 5, 9.25, 5.625], "texture": "#8"},
				"west": {"uv": [10, 6, 10.125, 6.625], "texture": "#8"},
				"up": {"uv": [0.75, 10.125, 0, 10], "texture": "#8"},
				"down": {"uv": [10.75, 0, 10, 0.125], "texture": "#8"}
			}
		},
		{
			"from": [-4, 14, 7.5],
			"to": [-2.5, 15.25, 7.75],
			"faces": {
				"north": {"uv": [6, 8.5, 6.75, 9.125], "texture": "#8"},
				"east": {"uv": [10, 7, 10.125, 7.625], "texture": "#8"},
				"south": {"uv": [8.5, 6, 9.25, 6.625], "texture": "#8"},
				"west": {"uv": [7.5, 10, 7.625, 10.625], "texture": "#8"},
				"up": {"uv": [10.75, 0.625, 10, 0.5], "texture": "#8"},
				"down": {"uv": [1.75, 10, 1, 10.125], "texture": "#8"}
			}
		},
		{
			"from": [-4, 13.75, 6.25],
			"to": [-2.5, 14, 7.5],
			"rotation": {"angle": 0, "axis": "y", "origin": [-3.25, 13.875, 7.625]},
			"faces": {
				"north": {"uv": [10, 2.5, 10.75, 2.625], "texture": "#8"},
				"east": {"uv": [10, 9, 10.625, 9.125], "texture": "#8"},
				"south": {"uv": [10, 3, 10.75, 3.125], "texture": "#8"},
				"west": {"uv": [10, 9.5, 10.625, 9.625], "texture": "#8"},
				"up": {"uv": [9.25, 8.625, 8.5, 8], "texture": "#8"},
				"down": {"uv": [9.75, 0, 9, 0.625], "texture": "#8"}
			}
		},
		{
			"from": [-4, 13.75, 7.75],
			"to": [-2.5, 14, 9],
			"rotation": {"angle": 0, "axis": "y", "origin": [-3.25, 13.875, 7.625]},
			"faces": {
				"north": {"uv": [10, 1, 10.75, 1.125], "texture": "#8"},
				"east": {"uv": [10, 8, 10.625, 8.125], "texture": "#8"},
				"south": {"uv": [10, 1.5, 10.75, 1.625], "texture": "#8"},
				"west": {"uv": [10, 8.5, 10.625, 8.625], "texture": "#8"},
				"up": {"uv": [7.75, 9.125, 7, 8.5], "texture": "#8"},
				"down": {"uv": [9.25, 7, 8.5, 7.625], "texture": "#8"}
			}
		},
		{
			"from": [13.05, 12.75, 7.5],
			"to": [14.55, 13.75, 7.75],
			"faces": {
				"north": {"uv": [1, 9.5, 1.75, 10], "texture": "#8"},
				"east": {"uv": [3.5, 10.5, 3.625, 11], "texture": "#8"},
				"south": {"uv": [9.5, 2, 10.25, 2.5], "texture": "#8"},
				"west": {"uv": [4, 10.5, 4.125, 11], "texture": "#8"},
				"up": {"uv": [6.25, 10.125, 5.5, 10], "texture": "#8"},
				"down": {"uv": [10.75, 5.5, 10, 5.625], "texture": "#8"}
			}
		},
		{
			"from": [13.05, 13.75, 6.5],
			"to": [14.55, 14, 7.75],
			"rotation": {"angle": 0, "axis": "y", "origin": [-3.25, 13.875, 7.625]},
			"faces": {
				"north": {"uv": [10, 4.5, 10.75, 4.625], "texture": "#8"},
				"east": {"uv": [10, 10, 10.625, 10.125], "texture": "#8"},
				"south": {"uv": [10, 5, 10.75, 5.125], "texture": "#8"},
				"west": {"uv": [0, 10.5, 0.625, 10.625], "texture": "#8"},
				"up": {"uv": [9.75, 1.625, 9, 1], "texture": "#8"},
				"down": {"uv": [4.75, 9, 4, 9.625], "texture": "#8"}
			}
		},
		{
			"from": [13.05, 14, 7.5],
			"to": [14.55, 15, 7.75],
			"faces": {
				"north": {"uv": [9, 9, 9.75, 9.5], "texture": "#8"},
				"east": {"uv": [1.5, 10.5, 1.625, 11], "texture": "#8"},
				"south": {"uv": [0, 9.5, 0.75, 10], "texture": "#8"},
				"west": {"uv": [10.5, 2, 10.625, 2.5], "texture": "#8"},
				"up": {"uv": [10.75, 4.125, 10, 4], "texture": "#8"},
				"down": {"uv": [5.25, 10, 4.5, 10.125], "texture": "#8"}
			}
		},
		{
			"from": [13.05, 13.75, 7.75],
			"to": [14.55, 14, 8.75],
			"rotation": {"angle": 0, "axis": "y", "origin": [-3.25, 13.875, 7.625]},
			"faces": {
				"north": {"uv": [3.5, 10, 4.25, 10.125], "texture": "#8"},
				"east": {"uv": [8, 10, 8.5, 10.125], "texture": "#8"},
				"south": {"uv": [10, 3.5, 10.75, 3.625], "texture": "#8"},
				"west": {"uv": [1, 10.5, 1.5, 10.625], "texture": "#8"},
				"up": {"uv": [5.75, 9.5, 5, 9], "texture": "#8"},
				"down": {"uv": [8.75, 9, 8, 9.5], "texture": "#8"}
			}
		}
	],
	"display": {
		"thirdperson_righthand": {
			"rotation": [0, 90, 0],
			"translation": [0, -7, 0],
			"scale": [0.85, 0.85, 0.85]
		},
		"thirdperson_lefthand": {
			"rotation": [0, -90, 0],
			"translation": [0, -7, 0],
			"scale": [0.85, 0.85, 0.85]
		},
		"firstperson_righthand": {
			"rotation": [0, 90, 25],
			"translation": [0, 1.6, 0.8],
			"scale": [0.68, 0.68, 0.68]
		},
		"firstperson_lefthand": {
			"rotation": [0, -90, -25],
			"translation": [0, 1.6, 0.8],
			"scale": [0.68, 0.68, 0.68]
		},
		"ground": {
			"rotation": [82.81, 2.7, -26.66],
			"translation": [0, -1.5, -3],
			"scale": [0.51172, 0.51172, 0.51172]
		},
		"gui": {
			"rotation": [-155.02, -48.1, -149.15],
			"translation": [-1.75, -2.75, 0],
			"scale": [0.55078, 0.55078, 0.55078]
		},
		"head": {
			"rotation": [0, 90, 0],
			"translation": [0, -3.25, 0]
		},
		"fixed": {
			"rotation": [0, 0, -45],
			"translation": [-0.5, -7.75, 0]
		}
	}
}