{
	"credit": "Made with Blockbench",
	"texture_size": [64, 64],
	"textures": {
		"0": "item/fancyer_bookshelf",
		"particle": "item/fancyer_bookshelf"
	},
	"elements": [
		{
			"name": "shelf",
			"from": [0, 0, 2],
			"to": [16, 16, 14],
			"faces": {
				"north": {"uv": [10.5, 4.25, 14.5, 8.25], "texture": "#0"},
				"east": {"uv": [11, 8.25, 14, 12.25], "texture": "#0"},
				"south": {"uv": [14.5, 4.25, 10.5, 8.25], "texture": "#0"},
				"west": {"uv": [11, 8.25, 14, 12.25], "texture": "#0"},
				"up": {"uv": [8, 7.5, 4, 4.5], "texture": "#0"},
				"down": {"uv": [8, 4, 4, 8], "texture": "#0"}
			}
		},
		{
			"from": [0, 0, 0],
			"to": [16, 1, 2],
			"faces": {
				"north": {"uv": [0, 3.75, 4, 4], "texture": "#0"},
				"east": {"uv": [14, 12, 14.5, 12.25], "texture": "#0"},
				"south": {"uv": [4, 3.75, 8, 4], "texture": "#0"},
				"west": {"uv": [10.5, 12, 11, 12.25], "texture": "#0"},
				"up": {"uv": [4, 4.5, 0, 4], "texture": "#0"},
				"down": {"uv": [8, 0, 4, 0.5], "texture": "#0"}
			}
		},
		{
			"from": [0, 15, 0],
			"to": [16, 16, 2],
			"faces": {
				"north": {"uv": [0, 0, 4, 0.25], "texture": "#0"},
				"east": {"uv": [14, 8.25, 14.5, 8.5], "texture": "#0"},
				"south": {"uv": [7.5, 1.75, 11.5, 2], "texture": "#0"},
				"west": {"uv": [10.5, 8.25, 11, 8.5], "texture": "#0"},
				"up": {"uv": [8, 8, 4, 7.5], "texture": "#0"},
				"down": {"uv": [8, 1, 4, 1.5], "texture": "#0"}
			}
		},
		{
			"from": [14, 14, 0],
			"to": [16, 15, 2],
			"faces": {
				"north": {"uv": [0, 0.25, 0.5, 0.5], "texture": "#0"},
				"east": {"uv": [14.5, 8.5, 14, 8.75], "texture": "#0"},
				"south": {"uv": [9, 5, 9.5, 5.25], "texture": "#0"},
				"west": {"uv": [5.25, 9, 5.75, 9.25], "texture": "#0"},
				"up": {"uv": [1.25, 8.75, 0.75, 8.25], "texture": "#0"},
				"down": {"uv": [1.75, 8.25, 1.25, 8.75], "texture": "#0"}
			}
		},
		{
			"from": [0, 14, 0],
			"to": [2, 15, 2],
			"faces": {
				"north": {"uv": [3.5, 0.25, 4, 0.5], "texture": "#0"},
				"east": {"uv": [9, 7.25, 9.5, 7.5], "texture": "#0"},
				"south": {"uv": [9, 7.5, 9.5, 7.75], "texture": "#0"},
				"west": {"uv": [10.5, 8.5, 11, 8.75], "texture": "#0"},
				"up": {"uv": [2.25, 8.75, 1.75, 8.25], "texture": "#0"},
				"down": {"uv": [2.75, 8.25, 2.25, 8.75], "texture": "#0"}
			}
		},
		{
			"from": [6, 14, 0],
			"to": [10, 15, 2],
			"faces": {
				"north": {"uv": [1.5, 0.25, 2.5, 0.5], "texture": "#0"},
				"east": {"uv": [9, 8, 9.5, 8.25], "texture": "#0"},
				"south": {"uv": [8.25, 3.75, 9.25, 4], "texture": "#0"},
				"west": {"uv": [9, 8.25, 9.5, 8.5], "texture": "#0"},
				"up": {"uv": [2.25, 8.25, 1.25, 7.75], "texture": "#0"},
				"down": {"uv": [9, 0, 8, 0.5], "texture": "#0"}
			}
		},
		{
			"from": [7, 9, 0],
			"to": [9, 14, 2],
			"faces": {
				"north": {"uv": [1.75, 0.5, 2.25, 1.75], "texture": "#0"},
				"east": {"uv": [3.5, 4.5, 4, 5.75], "texture": "#0"},
				"south": {"uv": [3, 5.75, 3.5, 7], "texture": "#0"},
				"west": {"uv": [3.5, 5.75, 4, 7], "texture": "#0"},
				"up": {"uv": [4.25, 8.75, 3.75, 8.25], "texture": "#0"},
				"down": {"uv": [8.75, 4, 8.25, 4.5], "texture": "#0"}
			}
		},
		{
			"from": [1, 7, 0],
			"to": [15, 9, 2],
			"faces": {
				"north": {"uv": [0.25, 1.75, 3.75, 2.25], "texture": "#0"},
				"east": {"uv": [8.25, 4.5, 8.75, 5], "texture": "#0"},
				"south": {"uv": [4, 2, 7.5, 2.5], "texture": "#0"},
				"west": {"uv": [5.25, 8.25, 5.75, 8.75], "texture": "#0"},
				"up": {"uv": [7.5, 3, 4, 2.5], "texture": "#0"},
				"down": {"uv": [7.5, 3, 4, 3.5], "texture": "#0"}
			}
		},
		{
			"from": [14, 6, 0],
			"to": [15, 7, 2],
			"faces": {
				"north": {"uv": [0.25, 2.25, 0.5, 2.5], "texture": "#0"},
				"east": {"uv": [8.5, 9, 9, 9.25], "texture": "#0"},
				"south": {"uv": [3.25, 9.5, 3.5, 9.75], "texture": "#0"},
				"west": {"uv": [9, 8.75, 9.5, 9], "texture": "#0"},
				"up": {"uv": [9.25, 9.5, 9, 9], "texture": "#0"},
				"down": {"uv": [0.5, 9.25, 0.25, 9.75], "texture": "#0"}
			}
		},
		{
			"from": [1, 6, 0],
			"to": [2, 7, 2],
			"faces": {
				"north": {"uv": [3.5, 2.25, 3.75, 2.5], "texture": "#0"},
				"east": {"uv": [1, 9.25, 1.5, 9.5], "texture": "#0"},
				"south": {"uv": [3.5, 9.5, 3.75, 9.75], "texture": "#0"},
				"west": {"uv": [1.5, 9.25, 2, 9.5], "texture": "#0"},
				"up": {"uv": [0.75, 9.75, 0.5, 9.25], "texture": "#0"},
				"down": {"uv": [2.25, 9.25, 2, 9.75], "texture": "#0"}
			}
		},
		{
			"from": [15, 1, 0],
			"to": [16, 14, 2],
			"faces": {
				"north": {"uv": [0, 0.5, 0.25, 3.75], "texture": "#0"},
				"east": {"uv": [14.5, 8.75, 14, 12], "texture": "#0"},
				"south": {"uv": [2.25, 4.5, 2.5, 7.75], "texture": "#0"},
				"west": {"uv": [0.5, 4.5, 1, 7.75], "texture": "#0"},
				"up": {"uv": [6, 9.5, 5.75, 9], "texture": "#0"},
				"down": {"uv": [6.25, 9, 6, 9.5], "texture": "#0"}
			}
		},
		{
			"from": [0, 1, 0],
			"to": [1, 14, 2],
			"faces": {
				"north": {"uv": [3.75, 0.5, 4, 3.75], "texture": "#0"},
				"east": {"uv": [1, 4.5, 1.5, 7.75], "texture": "#0"},
				"south": {"uv": [2.75, 4.5, 3, 7.75], "texture": "#0"},
				"west": {"uv": [10.5, 8.75, 11, 12], "texture": "#0"},
				"up": {"uv": [6.5, 9.5, 6.25, 9], "texture": "#0"},
				"down": {"uv": [6.75, 9, 6.5, 9.5], "texture": "#0"}
			}
		},
		{
			"from": [0, 0, 14],
			"to": [16, 1, 16],
			"rotation": {"angle": 0, "axis": "y", "origin": [0, 0, 16]},
			"faces": {
				"north": {"uv": [8, 3.75, 4, 4], "texture": "#0"},
				"east": {"uv": [10.5, 12, 11, 12.25], "texture": "#0"},
				"south": {"uv": [4, 3.75, 0, 4], "texture": "#0"},
				"west": {"uv": [14.5, 12, 14, 12.25], "texture": "#0"},
				"up": {"uv": [4, 4, 0, 4.5], "texture": "#0"},
				"down": {"uv": [8, 0.5, 4, 0], "texture": "#0"}
			}
		},
		{
			"from": [0, 15, 14],
			"to": [16, 16, 16],
			"rotation": {"angle": 0, "axis": "y", "origin": [0, 0, 16]},
			"faces": {
				"north": {"uv": [11.5, 1.75, 7.5, 2], "texture": "#0"},
				"east": {"uv": [10.5, 8.25, 11, 8.5], "texture": "#0"},
				"south": {"uv": [4, 0, 0, 0.25], "texture": "#0"},
				"west": {"uv": [14.5, 8.25, 14, 8.5], "texture": "#0"},
				"up": {"uv": [8, 7.5, 4, 8], "texture": "#0"},
				"down": {"uv": [8, 1.5, 4, 1], "texture": "#0"}
			}
		},
		{
			"from": [14, 14, 14],
			"to": [16, 15, 16],
			"rotation": {"angle": 0, "axis": "y", "origin": [0, 0, 16]},
			"faces": {
				"north": {"uv": [9.5, 5, 9, 5.25], "texture": "#0"},
				"east": {"uv": [10.5, 8.5, 11, 8.75], "texture": "#0"},
				"south": {"uv": [0.5, 0.25, 0, 0.5], "texture": "#0"},
				"west": {"uv": [5.75, 9, 5.25, 9.25], "texture": "#0"},
				"up": {"uv": [1.25, 8.25, 0.75, 8.75], "texture": "#0"},
				"down": {"uv": [1.75, 8.75, 1.25, 8.25], "texture": "#0"}
			}
		},
		{
			"from": [0, 14, 14],
			"to": [2, 15, 16],
			"rotation": {"angle": 0, "axis": "y", "origin": [0, 0, 16]},
			"faces": {
				"north": {"uv": [9.5, 7.5, 9, 7.75], "texture": "#0"},
				"east": {"uv": [9.5, 7.25, 9, 7.5], "texture": "#0"},
				"south": {"uv": [4, 0.25, 3.5, 0.5], "texture": "#0"},
				"west": {"uv": [14.5, 8.5, 14, 8.75], "texture": "#0"},
				"up": {"uv": [2.25, 8.25, 1.75, 8.75], "texture": "#0"},
				"down": {"uv": [2.75, 8.75, 2.25, 8.25], "texture": "#0"}
			}
		},
		{
			"from": [6, 14, 14],
			"to": [10, 15, 16],
			"rotation": {"angle": 0, "axis": "y", "origin": [0, 0, 16]},
			"faces": {
				"north": {"uv": [9.25, 3.75, 8.25, 4], "texture": "#0"},
				"east": {"uv": [9.5, 8, 9, 8.25], "texture": "#0"},
				"south": {"uv": [2.5, 0.25, 1.5, 0.5], "texture": "#0"},
				"west": {"uv": [9.5, 8.25, 9, 8.5], "texture": "#0"},
				"up": {"uv": [2.25, 7.75, 1.25, 8.25], "texture": "#0"},
				"down": {"uv": [9, 0.5, 8, 0], "texture": "#0"}
			}
		},
		{
			"from": [7, 9, 14],
			"to": [9, 14, 16],
			"rotation": {"angle": 0, "axis": "y", "origin": [0, 0, 16]},
			"faces": {
				"north": {"uv": [3.5, 5.75, 3, 7], "texture": "#0"},
				"east": {"uv": [4, 4.5, 3.5, 5.75], "texture": "#0"},
				"south": {"uv": [2.25, 0.5, 1.75, 1.75], "texture": "#0"},
				"west": {"uv": [4, 5.75, 3.5, 7], "texture": "#0"},
				"up": {"uv": [4.25, 8.25, 3.75, 8.75], "texture": "#0"},
				"down": {"uv": [8.75, 4.5, 8.25, 4], "texture": "#0"}
			}
		},
		{
			"from": [1, 7, 14],
			"to": [15, 9, 16],
			"rotation": {"angle": 0, "axis": "y", "origin": [0, 0, 16]},
			"faces": {
				"north": {"uv": [7.5, 2, 4, 2.5], "texture": "#0"},
				"east": {"uv": [8.75, 4.5, 8.25, 5], "texture": "#0"},
				"south": {"uv": [3.75, 1.75, 0.25, 2.25], "texture": "#0"},
				"west": {"uv": [5.75, 8.25, 5.25, 8.75], "texture": "#0"},
				"up": {"uv": [7.5, 2.5, 4, 3], "texture": "#0"},
				"down": {"uv": [7.5, 3.5, 4, 3], "texture": "#0"}
			}
		},
		{
			"from": [14, 6, 14],
			"to": [15, 7, 16],
			"rotation": {"angle": 0, "axis": "y", "origin": [0, 0, 16]},
			"faces": {
				"north": {"uv": [3.5, 9.5, 3.25, 9.75], "texture": "#0"},
				"east": {"uv": [9, 9, 8.5, 9.25], "texture": "#0"},
				"south": {"uv": [0.5, 2.25, 0.25, 2.5], "texture": "#0"},
				"west": {"uv": [9.5, 8.75, 9, 9], "texture": "#0"},
				"up": {"uv": [9.25, 9, 9, 9.5], "texture": "#0"},
				"down": {"uv": [0.5, 9.75, 0.25, 9.25], "texture": "#0"}
			}
		},
		{
			"from": [1, 6, 14],
			"to": [2, 7, 16],
			"rotation": {"angle": 0, "axis": "y", "origin": [0, 0, 16]},
			"faces": {
				"north": {"uv": [3.75, 9.5, 3.5, 9.75], "texture": "#0"},
				"east": {"uv": [1.5, 9.25, 1, 9.5], "texture": "#0"},
				"south": {"uv": [3.75, 2.25, 3.5, 2.5], "texture": "#0"},
				"west": {"uv": [2, 9.25, 1.5, 9.5], "texture": "#0"},
				"up": {"uv": [0.75, 9.25, 0.5, 9.75], "texture": "#0"},
				"down": {"uv": [2.25, 9.75, 2, 9.25], "texture": "#0"}
			}
		},
		{
			"from": [15, 1, 14],
			"to": [16, 14, 16],
			"rotation": {"angle": 0, "axis": "y", "origin": [0, 0, 16]},
			"faces": {
				"north": {"uv": [2.5, 4.5, 2.25, 7.75], "texture": "#0"},
				"east": {"uv": [10.5, 8.75, 11, 12], "texture": "#0"},
				"south": {"uv": [0.25, 0.5, 0, 3.75], "texture": "#0"},
				"west": {"uv": [1, 4.5, 0.5, 7.75], "texture": "#0"},
				"up": {"uv": [6, 9, 5.75, 9.5], "texture": "#0"},
				"down": {"uv": [6.25, 9.5, 6, 9], "texture": "#0"}
			}
		},
		{
			"from": [0, 1, 14],
			"to": [1, 14, 16],
			"rotation": {"angle": 0, "axis": "y", "origin": [0, 0, 16]},
			"faces": {
				"north": {"uv": [3, 4.5, 2.75, 7.75], "texture": "#0"},
				"east": {"uv": [1.5, 4.5, 1, 7.75], "texture": "#0"},
				"south": {"uv": [4, 0.5, 3.75, 3.75], "texture": "#0"},
				"west": {"uv": [14.5, 8.75, 14, 12], "texture": "#0"},
				"up": {"uv": [6.5, 9, 6.25, 9.5], "texture": "#0"},
				"down": {"uv": [6.75, 9.5, 6.5, 9], "texture": "#0"}
			}
		},
		{
			"from": [0, 8, -0.05],
			"to": [3, 10, 0],
			"faces": {
				"north": {"uv": [3.25, 1.5, 4, 2], "texture": "#0"},
				"east": {"uv": [2.25, 9.25, 2.5, 9.75], "texture": "#0"},
				"south": {"uv": [8, 0.5, 8.75, 1], "texture": "#0"},
				"west": {"uv": [2.75, 9.25, 3, 9.75], "texture": "#0"},
				"up": {"uv": [9, 5.25, 8.25, 5], "texture": "#0"},
				"down": {"uv": [9.5, 0.5, 8.75, 0.75], "texture": "#0"}
			}
		},
		{
			"from": [2, 6, -0.05],
			"to": [4, 8, 0],
			"faces": {
				"north": {"uv": [3, 2, 3.5, 2.5], "texture": "#0"},
				"east": {"uv": [3, 9.25, 3.25, 9.75], "texture": "#0"},
				"south": {"uv": [6.25, 8.25, 6.75, 8.75], "texture": "#0"},
				"west": {"uv": [4.25, 9.25, 4.5, 9.75], "texture": "#0"},
				"up": {"uv": [9.75, 4, 9.25, 3.75], "texture": "#0"},
				"down": {"uv": [5.75, 9.25, 5.25, 9.5], "texture": "#0"}
			}
		},
		{
			"from": [1, 10, -0.05],
			"to": [2, 11, 0],
			"faces": {
				"north": {"uv": [3.5, 1.25, 3.75, 1.5], "texture": "#0"},
				"east": {"uv": [3.75, 9.5, 4, 9.75], "texture": "#0"},
				"south": {"uv": [4, 9.5, 4.25, 9.75], "texture": "#0"},
				"west": {"uv": [9.5, 4, 9.75, 4.25], "texture": "#0"},
				"up": {"uv": [9.75, 4.5, 9.5, 4.25], "texture": "#0"},
				"down": {"uv": [4.75, 9.5, 4.5, 9.75], "texture": "#0"}
			}
		},
		{
			"from": [3, 8, -0.05],
			"to": [4, 9, 0],
			"faces": {
				"north": {"uv": [3.25, 1.5, 3.5, 1.75], "texture": "#0"},
				"east": {"uv": [4.75, 9.5, 5, 9.75], "texture": "#0"},
				"south": {"uv": [9.5, 4.75, 9.75, 5], "texture": "#0"},
				"west": {"uv": [5, 9.5, 5.25, 9.75], "texture": "#0"},
				"up": {"uv": [9.75, 5.25, 9.5, 5], "texture": "#0"},
				"down": {"uv": [5.5, 9.5, 5.25, 9.75], "texture": "#0"}
			}
		},
		{
			"from": [3, 5, -0.05],
			"to": [4, 6, 0],
			"faces": {
				"north": {"uv": [3, 2.5, 3.25, 2.75], "texture": "#0"},
				"east": {"uv": [5.5, 9.5, 5.75, 9.75], "texture": "#0"},
				"south": {"uv": [9.5, 5.5, 9.75, 5.75], "texture": "#0"},
				"west": {"uv": [5.75, 9.5, 6, 9.75], "texture": "#0"},
				"up": {"uv": [9.75, 6, 9.5, 5.75], "texture": "#0"},
				"down": {"uv": [6.25, 9.5, 6, 9.75], "texture": "#0"}
			}
		},
		{
			"from": [4, 6, -0.05],
			"to": [5, 7, 0],
			"faces": {
				"north": {"uv": [2.75, 2.25, 3, 2.5], "texture": "#0"},
				"east": {"uv": [6.25, 9.5, 6.5, 9.75], "texture": "#0"},
				"south": {"uv": [6.5, 9.5, 6.75, 9.75], "texture": "#0"},
				"west": {"uv": [9.5, 6.75, 9.75, 7], "texture": "#0"},
				"up": {"uv": [9.75, 7.25, 9.5, 7], "texture": "#0"},
				"down": {"uv": [7.5, 9.5, 7.25, 9.75], "texture": "#0"}
			}
		},
		{
			"from": [5, 7, -0.05],
			"to": [6, 8, 0],
			"faces": {
				"north": {"uv": [2.5, 2, 2.75, 2.25], "texture": "#0"},
				"east": {"uv": [9.5, 7.75, 9.75, 8], "texture": "#0"},
				"south": {"uv": [9.5, 8, 9.75, 8.25], "texture": "#0"},
				"west": {"uv": [8.25, 9.5, 8.5, 9.75], "texture": "#0"},
				"up": {"uv": [9.75, 8.5, 9.5, 8.25], "texture": "#0"},
				"down": {"uv": [9.75, 8.75, 9.5, 9], "texture": "#0"}
			}
		},
		{
			"from": [7, 10, -0.05],
			"to": [8, 11, 0],
			"faces": {
				"north": {"uv": [2, 1.25, 2.25, 1.5], "texture": "#0"},
				"east": {"uv": [9.5, 9.25, 9.75, 9.5], "texture": "#0"},
				"south": {"uv": [9.5, 9.5, 9.75, 9.75], "texture": "#0"},
				"west": {"uv": [9.75, 0, 10, 0.25], "texture": "#0"},
				"up": {"uv": [0.5, 10, 0.25, 9.75], "texture": "#0"},
				"down": {"uv": [10, 0.25, 9.75, 0.5], "texture": "#0"}
			}
		},
		{
			"from": [10, 6, -0.05],
			"to": [11, 7, 0],
			"faces": {
				"north": {"uv": [1.25, 2.25, 1.5, 2.5], "texture": "#0"},
				"east": {"uv": [9.75, 0.5, 10, 0.75], "texture": "#0"},
				"south": {"uv": [0.75, 9.75, 1, 10], "texture": "#0"},
				"west": {"uv": [9.75, 0.75, 10, 1], "texture": "#0"},
				"up": {"uv": [10, 1.25, 9.75, 1], "texture": "#0"},
				"down": {"uv": [10, 1.25, 9.75, 1.5], "texture": "#0"}
			}
		},
		{
			"from": [14, 8, -0.05],
			"to": [15, 9, 0],
			"faces": {
				"north": {"uv": [0.25, 1.75, 0.5, 2], "texture": "#0"},
				"east": {"uv": [9.75, 2, 10, 2.25], "texture": "#0"},
				"south": {"uv": [2.25, 9.75, 2.5, 10], "texture": "#0"},
				"west": {"uv": [9.75, 2.25, 10, 2.5], "texture": "#0"},
				"up": {"uv": [10, 2.75, 9.75, 2.5], "texture": "#0"},
				"down": {"uv": [3, 9.75, 2.75, 10], "texture": "#0"}
			}
		},
		{
			"from": [15, 10, -0.05],
			"to": [16, 11, 0],
			"faces": {
				"north": {"uv": [0, 1.25, 0.25, 1.5], "texture": "#0"},
				"east": {"uv": [3.25, 9.75, 3.5, 10], "texture": "#0"},
				"south": {"uv": [9.75, 3.25, 10, 3.5], "texture": "#0"},
				"west": {"uv": [3.5, 9.75, 3.75, 10], "texture": "#0"},
				"up": {"uv": [10, 3.75, 9.75, 3.5], "texture": "#0"},
				"down": {"uv": [4, 9.75, 3.75, 10], "texture": "#0"}
			}
		},
		{
			"from": [13, 9, -0.05],
			"to": [16, 10, 0],
			"faces": {
				"north": {"uv": [0, 1.5, 0.75, 1.75], "texture": "#0"},
				"east": {"uv": [9.75, 2.75, 10, 3], "texture": "#0"},
				"south": {"uv": [1, 8.75, 1.75, 9], "texture": "#0"},
				"west": {"uv": [3, 9.75, 3.25, 10], "texture": "#0"},
				"up": {"uv": [2.5, 9, 1.75, 8.75], "texture": "#0"},
				"down": {"uv": [9.5, 2, 8.75, 2.25], "texture": "#0"}
			}
		},
		{
			"from": [7, 8, -0.05],
			"to": [9, 10, 0],
			"faces": {
				"north": {"uv": [1.75, 1.5, 2.25, 2], "texture": "#0"},
				"east": {"uv": [9.25, 5.25, 9.5, 5.75], "texture": "#0"},
				"south": {"uv": [8.25, 7.75, 8.75, 8.25], "texture": "#0"},
				"west": {"uv": [9.25, 5.75, 9.5, 6.25], "texture": "#0"},
				"up": {"uv": [9.75, 6.5, 9.25, 6.25], "texture": "#0"},
				"down": {"uv": [9.75, 6.5, 9.25, 6.75], "texture": "#0"}
			}
		},
		{
			"from": [9, 7, -0.05],
			"to": [14, 9, 0],
			"faces": {
				"north": {"uv": [0.5, 1.75, 1.75, 2.25], "texture": "#0"},
				"east": {"uv": [6.75, 9.25, 7, 9.75], "texture": "#0"},
				"south": {"uv": [7.5, 2.5, 8.75, 3], "texture": "#0"},
				"west": {"uv": [7, 9.25, 7.25, 9.75], "texture": "#0"},
				"up": {"uv": [6.5, 8.25, 5.25, 8], "texture": "#0"},
				"down": {"uv": [9.25, 5.25, 8, 5.5], "texture": "#0"}
			}
		},
		{
			"from": [6, 6, -0.05],
			"to": [7, 10, 0],
			"faces": {
				"north": {"uv": [2.25, 1.5, 2.5, 2.5], "texture": "#0"},
				"east": {"uv": [6.75, 8.25, 7, 9.25], "texture": "#0"},
				"south": {"uv": [8.25, 6.75, 8.5, 7.75], "texture": "#0"},
				"west": {"uv": [7, 8.25, 7.25, 9.25], "texture": "#0"},
				"up": {"uv": [9.75, 7.5, 9.5, 7.25], "texture": "#0"},
				"down": {"uv": [7.75, 9.5, 7.5, 9.75], "texture": "#0"}
			}
		},
		{
			"from": [0, 8, 16],
			"to": [3, 10, 16.05],
			"rotation": {"angle": 0, "axis": "y", "origin": [0, 0, 16]},
			"faces": {
				"north": {"uv": [8.75, 0.5, 8, 1], "texture": "#0"},
				"east": {"uv": [2.5, 9.25, 2.25, 9.75], "texture": "#0"},
				"south": {"uv": [4, 1.5, 3.25, 2], "texture": "#0"},
				"west": {"uv": [3, 9.25, 2.75, 9.75], "texture": "#0"},
				"up": {"uv": [9, 5, 8.25, 5.25], "texture": "#0"},
				"down": {"uv": [9.5, 0.75, 8.75, 0.5], "texture": "#0"}
			}
		},
		{
			"from": [2, 6, 16],
			"to": [4, 8, 16.05],
			"rotation": {"angle": 0, "axis": "y", "origin": [0, 0, 16]},
			"faces": {
				"north": {"uv": [6.75, 8.25, 6.25, 8.75], "texture": "#0"},
				"east": {"uv": [3.25, 9.25, 3, 9.75], "texture": "#0"},
				"south": {"uv": [3.5, 2, 3, 2.5], "texture": "#0"},
				"west": {"uv": [4.5, 9.25, 4.25, 9.75], "texture": "#0"},
				"up": {"uv": [9.75, 3.75, 9.25, 4], "texture": "#0"},
				"down": {"uv": [5.75, 9.5, 5.25, 9.25], "texture": "#0"}
			}
		},
		{
			"from": [1, 10, 16],
			"to": [2, 11, 16.05],
			"rotation": {"angle": 0, "axis": "y", "origin": [0, 0, 16]},
			"faces": {
				"north": {"uv": [4.25, 9.5, 4, 9.75], "texture": "#0"},
				"east": {"uv": [4, 9.5, 3.75, 9.75], "texture": "#0"},
				"south": {"uv": [3.75, 1.25, 3.5, 1.5], "texture": "#0"},
				"west": {"uv": [9.75, 4, 9.5, 4.25], "texture": "#0"},
				"up": {"uv": [9.75, 4.25, 9.5, 4.5], "texture": "#0"},
				"down": {"uv": [4.75, 9.75, 4.5, 9.5], "texture": "#0"}
			}
		},
		{
			"from": [3, 8, 16],
			"to": [4, 9, 16.05],
			"rotation": {"angle": 0, "axis": "y", "origin": [0, 0, 16]},
			"faces": {
				"north": {"uv": [9.75, 4.75, 9.5, 5], "texture": "#0"},
				"east": {"uv": [5, 9.5, 4.75, 9.75], "texture": "#0"},
				"south": {"uv": [3.5, 1.5, 3.25, 1.75], "texture": "#0"},
				"west": {"uv": [5.25, 9.5, 5, 9.75], "texture": "#0"},
				"up": {"uv": [9.75, 5, 9.5, 5.25], "texture": "#0"},
				"down": {"uv": [5.5, 9.75, 5.25, 9.5], "texture": "#0"}
			}
		},
		{
			"from": [3, 5, 16],
			"to": [4, 6, 16.05],
			"rotation": {"angle": 0, "axis": "y", "origin": [0, 0, 16]},
			"faces": {
				"north": {"uv": [9.75, 5.5, 9.5, 5.75], "texture": "#0"},
				"east": {"uv": [5.75, 9.5, 5.5, 9.75], "texture": "#0"},
				"south": {"uv": [3.25, 2.5, 3, 2.75], "texture": "#0"},
				"west": {"uv": [6, 9.5, 5.75, 9.75], "texture": "#0"},
				"up": {"uv": [9.75, 5.75, 9.5, 6], "texture": "#0"},
				"down": {"uv": [6.25, 9.75, 6, 9.5], "texture": "#0"}
			}
		},
		{
			"from": [4, 6, 16],
			"to": [5, 7, 16.05],
			"rotation": {"angle": 0, "axis": "y", "origin": [0, 0, 16]},
			"faces": {
				"north": {"uv": [6.75, 9.5, 6.5, 9.75], "texture": "#0"},
				"east": {"uv": [6.5, 9.5, 6.25, 9.75], "texture": "#0"},
				"south": {"uv": [3, 2.25, 2.75, 2.5], "texture": "#0"},
				"west": {"uv": [9.75, 6.75, 9.5, 7], "texture": "#0"},
				"up": {"uv": [9.75, 7, 9.5, 7.25], "texture": "#0"},
				"down": {"uv": [7.5, 9.75, 7.25, 9.5], "texture": "#0"}
			}
		},
		{
			"from": [5, 7, 16],
			"to": [6, 8, 16.05],
			"rotation": {"angle": 0, "axis": "y", "origin": [0, 0, 16]},
			"faces": {
				"north": {"uv": [9.75, 8, 9.5, 8.25], "texture": "#0"},
				"east": {"uv": [9.75, 7.75, 9.5, 8], "texture": "#0"},
				"south": {"uv": [2.75, 2, 2.5, 2.25], "texture": "#0"},
				"west": {"uv": [8.5, 9.5, 8.25, 9.75], "texture": "#0"},
				"up": {"uv": [9.75, 8.25, 9.5, 8.5], "texture": "#0"},
				"down": {"uv": [9.75, 9, 9.5, 8.75], "texture": "#0"}
			}
		},
		{
			"from": [7, 10, 16],
			"to": [8, 11, 16.05],
			"rotation": {"angle": 0, "axis": "y", "origin": [0, 0, 16]},
			"faces": {
				"north": {"uv": [9.75, 9.5, 9.5, 9.75], "texture": "#0"},
				"east": {"uv": [9.75, 9.25, 9.5, 9.5], "texture": "#0"},
				"south": {"uv": [2.25, 1.25, 2, 1.5], "texture": "#0"},
				"west": {"uv": [10, 0, 9.75, 0.25], "texture": "#0"},
				"up": {"uv": [0.5, 9.75, 0.25, 10], "texture": "#0"},
				"down": {"uv": [10, 0.5, 9.75, 0.25], "texture": "#0"}
			}
		},
		{
			"from": [10, 6, 16],
			"to": [11, 7, 16.05],
			"rotation": {"angle": 0, "axis": "y", "origin": [0, 0, 16]},
			"faces": {
				"north": {"uv": [1, 9.75, 0.75, 10], "texture": "#0"},
				"east": {"uv": [10, 0.5, 9.75, 0.75], "texture": "#0"},
				"south": {"uv": [1.5, 2.25, 1.25, 2.5], "texture": "#0"},
				"west": {"uv": [10, 0.75, 9.75, 1], "texture": "#0"},
				"up": {"uv": [10, 1, 9.75, 1.25], "texture": "#0"},
				"down": {"uv": [10, 1.5, 9.75, 1.25], "texture": "#0"}
			}
		},
		{
			"from": [14, 8, 16],
			"to": [15, 9, 16.05],
			"rotation": {"angle": 0, "axis": "y", "origin": [0, 0, 16]},
			"faces": {
				"north": {"uv": [2.5, 9.75, 2.25, 10], "texture": "#0"},
				"east": {"uv": [10, 2, 9.75, 2.25], "texture": "#0"},
				"south": {"uv": [0.5, 1.75, 0.25, 2], "texture": "#0"},
				"west": {"uv": [10, 2.25, 9.75, 2.5], "texture": "#0"},
				"up": {"uv": [10, 2.5, 9.75, 2.75], "texture": "#0"},
				"down": {"uv": [3, 10, 2.75, 9.75], "texture": "#0"}
			}
		},
		{
			"from": [15, 10, 16],
			"to": [16, 11, 16.05],
			"rotation": {"angle": 0, "axis": "y", "origin": [0, 0, 16]},
			"faces": {
				"north": {"uv": [10, 3.25, 9.75, 3.5], "texture": "#0"},
				"east": {"uv": [3.5, 9.75, 3.25, 10], "texture": "#0"},
				"south": {"uv": [0.25, 1.25, 0, 1.5], "texture": "#0"},
				"west": {"uv": [3.75, 9.75, 3.5, 10], "texture": "#0"},
				"up": {"uv": [10, 3.5, 9.75, 3.75], "texture": "#0"},
				"down": {"uv": [4, 10, 3.75, 9.75], "texture": "#0"}
			}
		},
		{
			"from": [13, 9, 16],
			"to": [16, 10, 16.05],
			"rotation": {"angle": 0, "axis": "y", "origin": [0, 0, 16]},
			"faces": {
				"north": {"uv": [1.75, 8.75, 1, 9], "texture": "#0"},
				"east": {"uv": [10, 2.75, 9.75, 3], "texture": "#0"},
				"south": {"uv": [0.75, 1.5, 0, 1.75], "texture": "#0"},
				"west": {"uv": [3.25, 9.75, 3, 10], "texture": "#0"},
				"up": {"uv": [2.5, 8.75, 1.75, 9], "texture": "#0"},
				"down": {"uv": [9.5, 2.25, 8.75, 2], "texture": "#0"}
			}
		},
		{
			"from": [7, 8, 16],
			"to": [9, 10, 16.05],
			"rotation": {"angle": 0, "axis": "y", "origin": [0, 0, 16]},
			"faces": {
				"north": {"uv": [8.75, 7.75, 8.25, 8.25], "texture": "#0"},
				"east": {"uv": [9.5, 5.25, 9.25, 5.75], "texture": "#0"},
				"south": {"uv": [2.25, 1.5, 1.75, 2], "texture": "#0"},
				"west": {"uv": [9.5, 5.75, 9.25, 6.25], "texture": "#0"},
				"up": {"uv": [9.75, 6.25, 9.25, 6.5], "texture": "#0"},
				"down": {"uv": [9.75, 6.75, 9.25, 6.5], "texture": "#0"}
			}
		},
		{
			"from": [9, 7, 16],
			"to": [14, 9, 16.05],
			"rotation": {"angle": 0, "axis": "y", "origin": [0, 0, 16]},
			"faces": {
				"north": {"uv": [8.75, 2.5, 7.5, 3], "texture": "#0"},
				"east": {"uv": [7, 9.25, 6.75, 9.75], "texture": "#0"},
				"south": {"uv": [1.75, 1.75, 0.5, 2.25], "texture": "#0"},
				"west": {"uv": [7.25, 9.25, 7, 9.75], "texture": "#0"},
				"up": {"uv": [6.5, 8, 5.25, 8.25], "texture": "#0"},
				"down": {"uv": [9.25, 5.5, 8, 5.25], "texture": "#0"}
			}
		},
		{
			"from": [6, 6, 16],
			"to": [7, 10, 16.05],
			"rotation": {"angle": 0, "axis": "y", "origin": [0, 0, 16]},
			"faces": {
				"north": {"uv": [8.5, 6.75, 8.25, 7.75], "texture": "#0"},
				"east": {"uv": [7, 8.25, 6.75, 9.25], "texture": "#0"},
				"south": {"uv": [2.5, 1.5, 2.25, 2.5], "texture": "#0"},
				"west": {"uv": [7.25, 8.25, 7, 9.25], "texture": "#0"},
				"up": {"uv": [9.75, 7.25, 9.5, 7.5], "texture": "#0"},
				"down": {"uv": [7.75, 9.75, 7.5, 9.5], "texture": "#0"}
			}
		},
		{
			"from": [11, 1, 1],
			"to": [14, 2, 2],
			"faces": {
				"north": {"uv": [0.5, 3.5, 1.25, 3.75], "texture": "#0"},
				"east": {"uv": [9.75, 3.75, 10, 4], "texture": "#0"},
				"south": {"uv": [8.75, 2.5, 9.5, 2.75], "texture": "#0"},
				"west": {"uv": [4, 9.75, 4.25, 10], "texture": "#0"},
				"up": {"uv": [9.5, 3, 8.75, 2.75], "texture": "#0"},
				"down": {"uv": [9.5, 3, 8.75, 3.25], "texture": "#0"}
			}
		},
		{
			"from": [3, 1, 1],
			"to": [9, 2, 2],
			"faces": {
				"north": {"uv": [1.75, 3.5, 3.25, 3.75], "texture": "#0"},
				"east": {"uv": [9.75, 5.25, 10, 5.5], "texture": "#0"},
				"south": {"uv": [8, 1.25, 9.5, 1.5], "texture": "#0"},
				"west": {"uv": [5.5, 9.75, 5.75, 10], "texture": "#0"},
				"up": {"uv": [4.5, 8.25, 3, 8], "texture": "#0"},
				"down": {"uv": [9.5, 3.5, 8, 3.75], "texture": "#0"}
			}
		},
		{
			"from": [3, 2, 1],
			"to": [8, 3, 2],
			"faces": {
				"north": {"uv": [2, 3.25, 3.25, 3.5], "texture": "#0"},
				"east": {"uv": [9.75, 5.5, 10, 5.75], "texture": "#0"},
				"south": {"uv": [8, 6.25, 9.25, 6.5], "texture": "#0"},
				"west": {"uv": [5.75, 9.75, 6, 10], "texture": "#0"},
				"up": {"uv": [7.75, 8.25, 6.5, 8], "texture": "#0"},
				"down": {"uv": [9.25, 6.5, 8, 6.75], "texture": "#0"}
			}
		},
		{
			"from": [2, 3, 1],
			"to": [4, 5, 2],
			"faces": {
				"north": {"uv": [3, 2.75, 3.5, 3.25], "texture": "#0"},
				"east": {"uv": [8.5, 9.25, 8.75, 9.75], "texture": "#0"},
				"south": {"uv": [2.75, 8.5, 3.25, 9], "texture": "#0"},
				"west": {"uv": [8.75, 9.25, 9, 9.75], "texture": "#0"},
				"up": {"uv": [9.75, 8.75, 9.25, 8.5], "texture": "#0"},
				"down": {"uv": [9.75, 9, 9.25, 9.25], "texture": "#0"}
			}
		},
		{
			"from": [1, 1, 1],
			"to": [2, 6, 2],
			"faces": {
				"north": {"uv": [3.5, 2.5, 3.75, 3.75], "texture": "#0"},
				"east": {"uv": [7.75, 8, 8, 9.25], "texture": "#0"},
				"south": {"uv": [8, 8, 8.25, 9.25], "texture": "#0"},
				"west": {"uv": [0, 8.25, 0.25, 9.5], "texture": "#0"},
				"up": {"uv": [10, 6, 9.75, 5.75], "texture": "#0"},
				"down": {"uv": [6.25, 9.75, 6, 10], "texture": "#0"}
			}
		},
		{
			"from": [4, 9, 1],
			"to": [5, 15, 2],
			"faces": {
				"north": {"uv": [2.75, 0.25, 3, 1.75], "texture": "#0"},
				"east": {"uv": [4.5, 8, 4.75, 9.5], "texture": "#0"},
				"south": {"uv": [4.75, 8, 5, 9.5], "texture": "#0"},
				"west": {"uv": [5, 8, 5.25, 9.5], "texture": "#0"},
				"up": {"uv": [10, 6.25, 9.75, 6], "texture": "#0"},
				"down": {"uv": [6.5, 9.75, 6.25, 10], "texture": "#0"}
			}
		},
		{
			"from": [3, 9, 1],
			"to": [4, 12, 2],
			"faces": {
				"north": {"uv": [3, 1, 3.25, 1.75], "texture": "#0"},
				"east": {"uv": [3.75, 8.75, 4, 9.5], "texture": "#0"},
				"south": {"uv": [4, 8.75, 4.25, 9.5], "texture": "#0"},
				"west": {"uv": [8.75, 7, 9, 7.75], "texture": "#0"},
				"up": {"uv": [10, 6.5, 9.75, 6.25], "texture": "#0"},
				"down": {"uv": [6.75, 9.75, 6.5, 10], "texture": "#0"}
			}
		},
		{
			"from": [1, 9, 1],
			"to": [2, 14, 2],
			"faces": {
				"north": {"uv": [13.75, 4.75, 14, 5.75], "texture": "#0"},
				"east": {"uv": [7.5, 8.75, 7.75, 9.5], "texture": "#0"},
				"south": {"uv": [8.75, 7.75, 9, 8.5], "texture": "#0"},
				"west": {"uv": [8.25, 8.75, 8.5, 9.5], "texture": "#0"},
				"up": {"uv": [10, 6.75, 9.75, 6.5], "texture": "#0"},
				"down": {"uv": [7, 9.75, 6.75, 10], "texture": "#0"}
			}
		},
		{
			"from": [2, 9, 1],
			"to": [3, 14, 2],
			"faces": {
				"north": {"uv": [3.25, 0.5, 3.5, 1.5], "texture": "#0"},
				"east": {"uv": [3.5, 8.5, 3.75, 9.5], "texture": "#0"},
				"south": {"uv": [8.5, 6.75, 8.75, 7.75], "texture": "#0"},
				"west": {"uv": [0.75, 8.75, 1, 9.75], "texture": "#0"},
				"up": {"uv": [10, 7, 9.75, 6.75], "texture": "#0"},
				"down": {"uv": [7.25, 9.75, 7, 10], "texture": "#0"}
			}
		},
		{
			"from": [9, 9, 1],
			"to": [11, 13, 2],
			"faces": {
				"north": {"uv": [1.25, 0.75, 1.75, 1.75], "texture": "#0"},
				"east": {"uv": [0.25, 8.25, 0.5, 9.25], "texture": "#0"},
				"south": {"uv": [3.5, 7, 4, 8], "texture": "#0"},
				"west": {"uv": [0.5, 8.25, 0.75, 9.25], "texture": "#0"},
				"up": {"uv": [9, 9, 8.5, 8.75], "texture": "#0"},
				"down": {"uv": [9.25, 8.5, 8.75, 8.75], "texture": "#0"}
			}
		},
		{
			"from": [12, 9, 1],
			"to": [13, 11, 2],
			"faces": {
				"north": {"uv": [0.75, 1.25, 1, 1.75], "texture": "#0"},
				"east": {"uv": [0, 9.5, 0.25, 10], "texture": "#0"},
				"south": {"uv": [9.5, 0, 9.75, 0.5], "texture": "#0"},
				"west": {"uv": [9.5, 0.5, 9.75, 1], "texture": "#0"},
				"up": {"uv": [10, 7.25, 9.75, 7], "texture": "#0"},
				"down": {"uv": [7.5, 9.75, 7.25, 10], "texture": "#0"}
			}
		},
		{
			"from": [13, 10, 1],
			"to": [14, 12, 2],
			"faces": {
				"north": {"uv": [0.5, 1, 0.75, 1.5], "texture": "#0"},
				"east": {"uv": [9.5, 1, 9.75, 1.5], "texture": "#0"},
				"south": {"uv": [1.25, 9.5, 1.5, 10], "texture": "#0"},
				"west": {"uv": [1.5, 9.5, 1.75, 10], "texture": "#0"},
				"up": {"uv": [10, 7.5, 9.75, 7.25], "texture": "#0"},
				"down": {"uv": [7.75, 9.75, 7.5, 10], "texture": "#0"}
			}
		},
		{
			"from": [14, 11, 1],
			"to": [15, 13, 2],
			"faces": {
				"north": {"uv": [0.25, 0.75, 0.5, 1.25], "texture": "#0"},
				"east": {"uv": [9.5, 2, 9.75, 2.5], "texture": "#0"},
				"south": {"uv": [2.5, 9.5, 2.75, 10], "texture": "#0"},
				"west": {"uv": [9.5, 2.5, 9.75, 3], "texture": "#0"},
				"up": {"uv": [10, 7.75, 9.75, 7.5], "texture": "#0"},
				"down": {"uv": [8, 9.75, 7.75, 10], "texture": "#0"}
			}
		},
		{
			"from": [11, 4, 1],
			"to": [14, 5, 2],
			"faces": {
				"north": {"uv": [0.5, 2.75, 1.25, 3], "texture": "#0"},
				"east": {"uv": [9.75, 4, 10, 4.25], "texture": "#0"},
				"south": {"uv": [8.75, 4, 9.5, 4.25], "texture": "#0"},
				"west": {"uv": [4.25, 9.75, 4.5, 10], "texture": "#0"},
				"up": {"uv": [9.5, 4.5, 8.75, 4.25], "texture": "#0"},
				"down": {"uv": [9.5, 4.5, 8.75, 4.75], "texture": "#0"}
			}
		},
		{
			"from": [11, 6, 1],
			"to": [14, 7, 2],
			"faces": {
				"north": {"uv": [0.5, 2.25, 1.25, 2.5], "texture": "#0"},
				"east": {"uv": [9.75, 4.25, 10, 4.5], "texture": "#0"},
				"south": {"uv": [5.25, 8.75, 6, 9], "texture": "#0"},
				"west": {"uv": [4.5, 9.75, 4.75, 10], "texture": "#0"},
				"up": {"uv": [6.75, 9, 6, 8.75], "texture": "#0"},
				"down": {"uv": [9.5, 6.75, 8.75, 7], "texture": "#0"}
			}
		},
		{
			"from": [12, 5, 1],
			"to": [13, 6, 2],
			"faces": {
				"north": {"uv": [0.75, 2.5, 1, 2.75], "texture": "#0"},
				"east": {"uv": [4.75, 9.75, 5, 10], "texture": "#0"},
				"south": {"uv": [9.75, 4.75, 10, 5], "texture": "#0"},
				"west": {"uv": [5, 9.75, 5.25, 10], "texture": "#0"},
				"up": {"uv": [10, 5.25, 9.75, 5], "texture": "#0"},
				"down": {"uv": [5.5, 9.75, 5.25, 10], "texture": "#0"}
			}
		},
		{
			"from": [10, 2, 1],
			"to": [15, 4, 2],
			"faces": {
				"north": {"uv": [0.25, 3, 1.5, 3.5], "texture": "#0"},
				"east": {"uv": [7.75, 9.25, 8, 9.75], "texture": "#0"},
				"south": {"uv": [0, 7.75, 1.25, 8.25], "texture": "#0"},
				"west": {"uv": [8, 9.25, 8.25, 9.75], "texture": "#0"},
				"up": {"uv": [9.25, 5.75, 8, 5.5], "texture": "#0"},
				"down": {"uv": [9.25, 5.75, 8, 6], "texture": "#0"}
			}
		},
		{
			"from": [11, 1, 14],
			"to": [14, 2, 15],
			"rotation": {"angle": 0, "axis": "y", "origin": [0, 0, 16]},
			"faces": {
				"north": {"uv": [9.5, 2.5, 8.75, 2.75], "texture": "#0"},
				"east": {"uv": [10, 3.75, 9.75, 4], "texture": "#0"},
				"south": {"uv": [1.25, 3.5, 0.5, 3.75], "texture": "#0"},
				"west": {"uv": [4.25, 9.75, 4, 10], "texture": "#0"},
				"up": {"uv": [9.5, 2.75, 8.75, 3], "texture": "#0"},
				"down": {"uv": [9.5, 3.25, 8.75, 3], "texture": "#0"}
			}
		},
		{
			"from": [3, 1, 14],
			"to": [9, 2, 15],
			"rotation": {"angle": 0, "axis": "y", "origin": [0, 0, 16]},
			"faces": {
				"north": {"uv": [9.5, 1.25, 8, 1.5], "texture": "#0"},
				"east": {"uv": [10, 5.25, 9.75, 5.5], "texture": "#0"},
				"south": {"uv": [3.25, 3.5, 1.75, 3.75], "texture": "#0"},
				"west": {"uv": [5.75, 9.75, 5.5, 10], "texture": "#0"},
				"up": {"uv": [4.5, 8, 3, 8.25], "texture": "#0"},
				"down": {"uv": [9.5, 3.75, 8, 3.5], "texture": "#0"}
			}
		},
		{
			"from": [3, 2, 14],
			"to": [8, 3, 15],
			"rotation": {"angle": 0, "axis": "y", "origin": [0, 0, 16]},
			"faces": {
				"north": {"uv": [9.25, 6.25, 8, 6.5], "texture": "#0"},
				"east": {"uv": [10, 5.5, 9.75, 5.75], "texture": "#0"},
				"south": {"uv": [3.25, 3.25, 2, 3.5], "texture": "#0"},
				"west": {"uv": [6, 9.75, 5.75, 10], "texture": "#0"},
				"up": {"uv": [7.75, 8, 6.5, 8.25], "texture": "#0"},
				"down": {"uv": [9.25, 6.75, 8, 6.5], "texture": "#0"}
			}
		},
		{
			"from": [2, 3, 14],
			"to": [4, 5, 15],
			"rotation": {"angle": 0, "axis": "y", "origin": [0, 0, 16]},
			"faces": {
				"north": {"uv": [3.25, 8.5, 2.75, 9], "texture": "#0"},
				"east": {"uv": [8.75, 9.25, 8.5, 9.75], "texture": "#0"},
				"south": {"uv": [3.5, 2.75, 3, 3.25], "texture": "#0"},
				"west": {"uv": [9, 9.25, 8.75, 9.75], "texture": "#0"},
				"up": {"uv": [9.75, 8.5, 9.25, 8.75], "texture": "#0"},
				"down": {"uv": [9.75, 9.25, 9.25, 9], "texture": "#0"}
			}
		},
		{
			"from": [1, 1, 14],
			"to": [2, 6, 15],
			"rotation": {"angle": 0, "axis": "y", "origin": [0, 0, 16]},
			"faces": {
				"north": {"uv": [8.25, 8, 8, 9.25], "texture": "#0"},
				"east": {"uv": [8, 8, 7.75, 9.25], "texture": "#0"},
				"south": {"uv": [3.75, 2.5, 3.5, 3.75], "texture": "#0"},
				"west": {"uv": [0.25, 8.25, 0, 9.5], "texture": "#0"},
				"up": {"uv": [10, 5.75, 9.75, 6], "texture": "#0"},
				"down": {"uv": [6.25, 10, 6, 9.75], "texture": "#0"}
			}
		},
		{
			"from": [4, 9, 14],
			"to": [5, 15, 15],
			"rotation": {"angle": 0, "axis": "y", "origin": [0, 0, 16]},
			"faces": {
				"north": {"uv": [5, 8, 4.75, 9.5], "texture": "#0"},
				"east": {"uv": [4.75, 8, 4.5, 9.5], "texture": "#0"},
				"south": {"uv": [3, 0.25, 2.75, 1.75], "texture": "#0"},
				"west": {"uv": [5.25, 8, 5, 9.5], "texture": "#0"},
				"up": {"uv": [10, 6, 9.75, 6.25], "texture": "#0"},
				"down": {"uv": [6.5, 10, 6.25, 9.75], "texture": "#0"}
			}
		},
		{
			"from": [3, 9, 14],
			"to": [4, 12, 15],
			"rotation": {"angle": 0, "axis": "y", "origin": [0, 0, 16]},
			"faces": {
				"north": {"uv": [4.25, 8.75, 4, 9.5], "texture": "#0"},
				"east": {"uv": [4, 8.75, 3.75, 9.5], "texture": "#0"},
				"south": {"uv": [3.25, 1, 3, 1.75], "texture": "#0"},
				"west": {"uv": [9, 7, 8.75, 7.75], "texture": "#0"},
				"up": {"uv": [10, 6.25, 9.75, 6.5], "texture": "#0"},
				"down": {"uv": [6.75, 10, 6.5, 9.75], "texture": "#0"}
			}
		},
		{
			"from": [1, 9, 14],
			"to": [2, 14, 15],
			"rotation": {"angle": 0, "axis": "y", "origin": [0, 0, 16]},
			"faces": {
				"north": {"uv": [9, 7.75, 8.75, 8.5], "texture": "#0"},
				"east": {"uv": [7.75, 8.75, 7.5, 9.5], "texture": "#0"},
				"south": {"uv": [14, 4.75, 13.75, 5.75], "texture": "#0"},
				"west": {"uv": [8.5, 8.75, 8.25, 9.5], "texture": "#0"},
				"up": {"uv": [10, 6.5, 9.75, 6.75], "texture": "#0"},
				"down": {"uv": [7, 10, 6.75, 9.75], "texture": "#0"}
			}
		},
		{
			"from": [2, 9, 14],
			"to": [3, 14, 15],
			"rotation": {"angle": 0, "axis": "y", "origin": [0, 0, 16]},
			"faces": {
				"north": {"uv": [8.75, 6.75, 8.5, 7.75], "texture": "#0"},
				"east": {"uv": [3.75, 8.5, 3.5, 9.5], "texture": "#0"},
				"south": {"uv": [3.5, 0.5, 3.25, 1.5], "texture": "#0"},
				"west": {"uv": [1, 8.75, 0.75, 9.75], "texture": "#0"},
				"up": {"uv": [10, 6.75, 9.75, 7], "texture": "#0"},
				"down": {"uv": [7.25, 10, 7, 9.75], "texture": "#0"}
			}
		},
		{
			"from": [9, 9, 14],
			"to": [11, 13, 15],
			"rotation": {"angle": 0, "axis": "y", "origin": [0, 0, 16]},
			"faces": {
				"north": {"uv": [4, 7, 3.5, 8], "texture": "#0"},
				"east": {"uv": [0.5, 8.25, 0.25, 9.25], "texture": "#0"},
				"south": {"uv": [1.75, 0.75, 1.25, 1.75], "texture": "#0"},
				"west": {"uv": [0.75, 8.25, 0.5, 9.25], "texture": "#0"},
				"up": {"uv": [9, 8.75, 8.5, 9], "texture": "#0"},
				"down": {"uv": [9.25, 8.75, 8.75, 8.5], "texture": "#0"}
			}
		},
		{
			"from": [12, 9, 14],
			"to": [13, 11, 15],
			"rotation": {"angle": 0, "axis": "y", "origin": [0, 0, 16]},
			"faces": {
				"north": {"uv": [9.75, 0, 9.5, 0.5], "texture": "#0"},
				"east": {"uv": [0.25, 9.5, 0, 10], "texture": "#0"},
				"south": {"uv": [1, 1.25, 0.75, 1.75], "texture": "#0"},
				"west": {"uv": [9.75, 0.5, 9.5, 1], "texture": "#0"},
				"up": {"uv": [10, 7, 9.75, 7.25], "texture": "#0"},
				"down": {"uv": [7.5, 10, 7.25, 9.75], "texture": "#0"}
			}
		},
		{
			"from": [13, 10, 14],
			"to": [14, 12, 15],
			"rotation": {"angle": 0, "axis": "y", "origin": [0, 0, 16]},
			"faces": {
				"north": {"uv": [1.5, 9.5, 1.25, 10], "texture": "#0"},
				"east": {"uv": [9.75, 1, 9.5, 1.5], "texture": "#0"},
				"south": {"uv": [0.75, 1, 0.5, 1.5], "texture": "#0"},
				"west": {"uv": [1.75, 9.5, 1.5, 10], "texture": "#0"},
				"up": {"uv": [10, 7.25, 9.75, 7.5], "texture": "#0"},
				"down": {"uv": [7.75, 10, 7.5, 9.75], "texture": "#0"}
			}
		},
		{
			"from": [14, 11, 14],
			"to": [15, 13, 15],
			"rotation": {"angle": 0, "axis": "y", "origin": [0, 0, 16]},
			"faces": {
				"north": {"uv": [2.75, 9.5, 2.5, 10], "texture": "#0"},
				"east": {"uv": [9.75, 2, 9.5, 2.5], "texture": "#0"},
				"south": {"uv": [0.5, 0.75, 0.25, 1.25], "texture": "#0"},
				"west": {"uv": [9.75, 2.5, 9.5, 3], "texture": "#0"},
				"up": {"uv": [10, 7.5, 9.75, 7.75], "texture": "#0"},
				"down": {"uv": [8, 10, 7.75, 9.75], "texture": "#0"}
			}
		},
		{
			"from": [11, 4, 14],
			"to": [14, 5, 15],
			"rotation": {"angle": 0, "axis": "y", "origin": [0, 0, 16]},
			"faces": {
				"north": {"uv": [9.5, 4, 8.75, 4.25], "texture": "#0"},
				"east": {"uv": [10, 4, 9.75, 4.25], "texture": "#0"},
				"south": {"uv": [1.25, 2.75, 0.5, 3], "texture": "#0"},
				"west": {"uv": [4.5, 9.75, 4.25, 10], "texture": "#0"},
				"up": {"uv": [9.5, 4.25, 8.75, 4.5], "texture": "#0"},
				"down": {"uv": [9.5, 4.75, 8.75, 4.5], "texture": "#0"}
			}
		},
		{
			"from": [11, 6, 14],
			"to": [14, 7, 15],
			"rotation": {"angle": 0, "axis": "y", "origin": [0, 0, 16]},
			"faces": {
				"north": {"uv": [6, 8.75, 5.25, 9], "texture": "#0"},
				"east": {"uv": [10, 4.25, 9.75, 4.5], "texture": "#0"},
				"south": {"uv": [1.25, 2.25, 0.5, 2.5], "texture": "#0"},
				"west": {"uv": [4.75, 9.75, 4.5, 10], "texture": "#0"},
				"up": {"uv": [6.75, 8.75, 6, 9], "texture": "#0"},
				"down": {"uv": [9.5, 7, 8.75, 6.75], "texture": "#0"}
			}
		},
		{
			"from": [12, 5, 14],
			"to": [13, 6, 15],
			"rotation": {"angle": 0, "axis": "y", "origin": [0, 0, 16]},
			"faces": {
				"north": {"uv": [10, 4.75, 9.75, 5], "texture": "#0"},
				"east": {"uv": [5, 9.75, 4.75, 10], "texture": "#0"},
				"south": {"uv": [1, 2.5, 0.75, 2.75], "texture": "#0"},
				"west": {"uv": [5.25, 9.75, 5, 10], "texture": "#0"},
				"up": {"uv": [10, 5, 9.75, 5.25], "texture": "#0"},
				"down": {"uv": [5.5, 10, 5.25, 9.75], "texture": "#0"}
			}
		},
		{
			"from": [10, 2, 14],
			"to": [15, 4, 15],
			"rotation": {"angle": 0, "axis": "y", "origin": [0, 0, 16]},
			"faces": {
				"north": {"uv": [1.25, 7.75, 0, 8.25], "texture": "#0"},
				"east": {"uv": [8, 9.25, 7.75, 9.75], "texture": "#0"},
				"south": {"uv": [1.5, 3, 0.25, 3.5], "texture": "#0"},
				"west": {"uv": [8.25, 9.25, 8, 9.75], "texture": "#0"},
				"up": {"uv": [9.25, 5.5, 8, 5.75], "texture": "#0"},
				"down": {"uv": [9.25, 6, 8, 5.75], "texture": "#0"}
			}
		}
	],
	"display": {
		"thirdperson_righthand": {
			"rotation": [75, 45, 0],
			"translation": [0, 2.5, 0],
			"scale": [0.375, 0.375, 0.375]
		},
		"thirdperson_lefthand": {
			"rotation": [75, 45, 0],
			"translation": [0, 2.5, 0],
			"scale": [0.375, 0.375, 0.375]
		},
		"firstperson_righthand": {
			"rotation": [0, 45, 0],
			"scale": [0.4, 0.4, 0.4]
		},
		"firstperson_lefthand": {
			"rotation": [0, 225, 0],
			"scale": [0.4, 0.4, 0.4]
		},
		"ground": {
			"translation": [0, -0.5, 0],
			"scale": [0.25, 0.25, 0.25]
		},
		"gui": {
			"rotation": [30, 225, 0],
			"scale": [0.625, 0.625, 0.625]
		},
		"head": {
			"scale": [0.85, 0.85, 0.85]
		},
		"fixed": {
			"rotation": [-90, 0, 0],
			"translation": [0, 0, -14],
			"scale": [2, 2, 2]
		}
	},
	"groups": [
		0,
		{
			"name": "group",
			"origin": [0, 0, 0],
			"color": 0,
			"children": [1, 2, 3, 4, 5, 6, 7, 8, 9, 10, 11]
		},
		{
			"name": "group",
			"origin": [0, 0, 0],
			"color": 0,
			"children": [12, 13, 14, 15, 16, 17, 18, 19, 20, 21, 22]
		},
		{
			"name": "group",
			"origin": [0, 0, 0],
			"color": 0,
			"children": [23, 24, 25, 26, 27, 28, 29, 30, 31, 32, 33, 34, 35, 36, 37]
		},
		{
			"name": "group",
			"origin": [0, 0, 0],
			"color": 0,
			"children": [38, 39, 40, 41, 42, 43, 44, 45, 46, 47, 48, 49, 50, 51, 52]
		},
		{
			"name": "group",
			"origin": [0, 0, 0],
			"color": 0,
			"children": [53, 54, 55, 56, 57, 58, 59, 60, 61, 62, 63, 64, 65, 66, 67, 68, 69]
		},
		{
			"name": "group",
			"origin": [0, 0, 0],
			"color": 0,
			"children": [70, 71, 72, 73, 74, 75, 76, 77, 78, 79, 80, 81, 82, 83, 84, 85, 86]
		}
	]
}
