{
	"credit": "Made with Blockbench",
	"ambientocclusion": false,
	"textures": {
		"0": "item/kaiawand1",
		"1": "item/kaiawand2",
		"particle": "item/kaiawand1"
	},
	"elements": [
		{
			"from": [7.5, 1, 7.5],
			"to": [8.5, 14, 8.5],
			"rotation": {"angle": 0, "axis": "y", "origin": [8, 7.5, 8]},
			"faces": {
				"north": {"uv": [5, 4, 5.5, 10.5], "texture": "#0"},
				"east": {"uv": [0, 5.5, 0.5, 12], "texture": "#0"},
				"south": {"uv": [0.5, 5.5, 1, 12], "texture": "#0"},
				"west": {"uv": [1, 5.5, 1.5, 12], "texture": "#0"},
				"up": {"uv": [8.5, 3.5, 8, 3], "texture": "#0"},
				"down": {"uv": [8.5, 3.5, 8, 4], "texture": "#0"}
			}
		},
		{
			"from": [7.3, 12.75, 7.3],
			"to": [8.7, 13.75, 8.7],
			"rotation": {"angle": 0, "axis": "y", "origin": [7.5, 7.5, 7.5]},
			"faces": {
				"north": {"uv": [7.5, 4.5, 8.5, 5], "texture": "#0"},
				"east": {"uv": [7.5, 5, 8.5, 5.5], "texture": "#0"},
				"south": {"uv": [7.5, 5.5, 8.5, 6], "texture": "#0"},
				"west": {"uv": [7.5, 6, 8.5, 6.5], "texture": "#0"},
				"up": {"uv": [4.5, 6.5, 3.5, 5.5], "texture": "#0"},
				"down": {"uv": [6.5, 4, 5.5, 5], "texture": "#0"}
			}
		},
		{
			"from": [7.45, 11.5, 7.45],
			"to": [8.55, 12.5, 8.55],
			"rotation": {"angle": 0, "axis": "y", "origin": [7.5, 7.5, 7.5]},
			"faces": {
				"north": {"uv": [8.5, 6.5, 9, 7], "texture": "#0"},
				"east": {"uv": [8.5, 7, 9, 7.5], "texture": "#0"},
				"south": {"uv": [8.5, 7.5, 9, 8], "texture": "#0"},
				"west": {"uv": [8.5, 8, 9, 8.5], "texture": "#0"},
				"up": {"uv": [9, 9, 8.5, 8.5], "texture": "#0"},
				"down": {"uv": [9.5, 0, 9, 0.5], "texture": "#0"}
			}
		},
		{
			"from": [7.45, 13.5, 7.45],
			"to": [8.55, 14.1, 8.55],
			"rotation": {"angle": 0, "axis": "y", "origin": [7.5, 7.5, 7.5]},
			"faces": {
				"north": {"uv": [3.5, 10, 4, 10.5], "texture": "#0"},
				"east": {"uv": [5.5, 10, 6, 10.5], "texture": "#0"},
				"south": {"uv": [6, 10, 6.5, 10.5], "texture": "#0"},
				"west": {"uv": [6.5, 10, 7, 10.5], "texture": "#0"},
				"up": {"uv": [9, 6, 8.5, 5.5], "texture": "#0"},
				"down": {"uv": [9, 6, 8.5, 6.5], "texture": "#0"}
			}
		},
		{
			"from": [7.45, 1.5, 7.45],
			"to": [8.55, 2.5, 8.55],
			"rotation": {"angle": 0, "axis": "y", "origin": [7.5, 7.5, 7.5]},
			"faces": {
				"north": {"uv": [8.5, 3, 9, 3.5], "texture": "#0"},
				"east": {"uv": [3.5, 8.5, 4, 9], "texture": "#0"},
				"south": {"uv": [8.5, 3.5, 9, 4], "texture": "#0"},
				"west": {"uv": [8.5, 4, 9, 4.5], "texture": "#0"},
				"up": {"uv": [9, 5, 8.5, 4.5], "texture": "#0"},
				"down": {"uv": [9, 5, 8.5, 5.5], "texture": "#0"}
			}
		},
		{
			"from": [7.125, 15.15533, 7.5],
			"to": [8.875, 16.90533, 8.5],
			"rotation": {"angle": 0, "axis": "z", "origin": [8, 16.03033, 8]},
			"faces": {
				"north": {"uv": [1.5, 5.5, 2.5, 6.5], "texture": "#0"},
				"east": {"uv": [4, 6.5, 4.5, 7.5], "texture": "#0"},
				"south": {"uv": [1.5, 5.5, 2.5, 6.5], "texture": "#0"},
				"west": {"uv": [7.5, 3, 8, 4], "texture": "#0"},
				"up": {"uv": [5, 8, 4, 7.5], "texture": "#0"},
				"down": {"uv": [8.5, 4, 7.5, 4.5], "texture": "#0"}
			}
		},
		{
			"from": [5.875, 14.65533, 8],
			"to": [10.125, 20.90533, 8],
			"rotation": {"angle": 0, "axis": "z", "origin": [8, 16.03033, 8]},
			"faces": {
				"north": {"uv": [0, 0, 2.5, 3.5], "texture": "#0"},
				"east": {"uv": [0, 0, 0, 3.5], "texture": "#0"},
				"south": {"uv": [2.5, 0, 0, 3.5], "texture": "#0"},
				"west": {"uv": [0, 0, 0, 3.5], "texture": "#0"},
				"up": {"uv": [2.5, 0, 0, 0], "texture": "#0"},
				"down": {"uv": [2.5, 0, 0, 0], "texture": "#0"}
			}
		},
		{
			"from": [7.525, 16.50533, 7.45],
			"to": [8.475, 16.90533, 8.55],
			"rotation": {"angle": 45, "axis": "z", "origin": [8, 16.03033, 8]},
			"faces": {
				"north": {"uv": [7, 5, 6, 6], "texture": "#1"},
				"east": {"uv": [6, 0, 8, 1], "texture": "#1"},
				"south": {"uv": [6, 5, 7, 6], "texture": "#1"},
				"west": {"uv": [1, 6, 3, 7], "texture": "#1"},
				"up": {"uv": [2, 6, 1, 4], "texture": "#1"},
				"down": {"uv": [3, 4, 2, 6], "texture": "#1"}
			}
		},
		{
			"from": [7.525, 15.15533, 7.45],
			"to": [8.475, 15.55533, 8.55],
			"rotation": {"angle": 45, "axis": "z", "origin": [8, 16.03033, 8]},
			"faces": {
				"north": {"uv": [7, 4, 6, 5], "texture": "#1"},
				"east": {"uv": [5, 2, 7, 3], "texture": "#1"},
				"south": {"uv": [6, 4, 7, 5], "texture": "#1"},
				"west": {"uv": [5, 3, 7, 4], "texture": "#1"},
				"up": {"uv": [1, 6, 0, 4], "texture": "#1"},
				"down": {"uv": [5, 0, 4, 2], "texture": "#1"}
			}
		},
		{
			"from": [7.125, 15.15533, 7.45],
			"to": [7.525, 16.90533, 8.55],
			"rotation": {"angle": 45, "axis": "z", "origin": [8, 16.03033, 8]},
			"faces": {
				"north": {"uv": [4, 4, 3, 6], "texture": "#1"},
				"east": {"uv": [0, 0, 2, 2], "texture": "#1"},
				"south": {"uv": [3, 4, 4, 6], "texture": "#1"},
				"west": {"uv": [0, 2, 2, 4], "texture": "#1"},
				"up": {"uv": [6, 6, 5, 4], "texture": "#1"},
				"down": {"uv": [1, 6, 0, 8], "texture": "#1"}
			}
		},
		{
			"from": [8.475, 15.15533, 7.45],
			"to": [8.875, 16.90533, 8.55],
			"rotation": {"angle": 45, "axis": "z", "origin": [8, 16.03033, 8]},
			"faces": {
				"north": {"uv": [6, 0, 5, 2], "texture": "#1"},
				"east": {"uv": [2, 0, 4, 2], "texture": "#1"},
				"south": {"uv": [5, 0, 6, 2], "texture": "#1"},
				"west": {"uv": [2, 2, 4, 4], "texture": "#1"},
				"up": {"uv": [4, 8, 3, 6], "texture": "#1"},
				"down": {"uv": [5, 6, 4, 8], "texture": "#1"}
			}
		},
		{
			"from": [11.32237, 12.34552, 7.75],
			"to": [11.72237, 15.1838, 8.25],
			"rotation": {"angle": -45, "axis": "z", "origin": [8.72227, 14.5974, 8]},
			"faces": {
				"north": {"uv": [7.5, 6.5, 8, 8], "texture": "#0"},
				"east": {"uv": [4, 8, 4.5, 9.5], "texture": "#0"},
				"south": {"uv": [4.5, 8, 5, 9.5], "texture": "#0"},
				"west": {"uv": [5.5, 8, 6, 9.5], "texture": "#0"},
				"up": {"uv": [3, 11, 2.5, 10.5], "texture": "#0"},
				"down": {"uv": [11, 2.5, 10.5, 3], "texture": "#0"}
			}
		},
		{
			"from": [9.32237, 12.34552, 8],
			"to": [13.72237, 16.1838, 8],
			"rotation": {"angle": -45, "axis": "z", "origin": [8.72227, 14.5974, 8]},
			"faces": {
				"north": {"uv": [5, 3.5, 2.5, 5.5], "texture": "#0"},
				"east": {"uv": [0, 0, 0, 2], "texture": "#0"},
				"south": {"uv": [2.5, 3.5, 5, 5.5], "texture": "#0"},
				"west": {"uv": [0, 0, 0, 2], "texture": "#0"},
				"up": {"uv": [2.5, 0, 0, 0], "texture": "#0"},
				"down": {"uv": [2.5, 0, 0, 0], "texture": "#0"}
			}
		},
		{
			"from": [10.90987, 14.5924, 7.75],
			"to": [11.40987, 15.13068, 8.25],
			"rotation": {"angle": 0, "axis": "z", "origin": [8.97227, 13.9974, 8]},
			"faces": {
				"north": {"uv": [9.5, 10, 10, 10.5], "texture": "#0"},
				"east": {"uv": [10, 10, 10.5, 10.5], "texture": "#0"},
				"south": {"uv": [10.5, 0, 11, 0.5], "texture": "#0"},
				"west": {"uv": [10.5, 1, 11, 1.5], "texture": "#0"},
				"up": {"uv": [11, 2, 10.5, 1.5], "texture": "#0"},
				"down": {"uv": [2.5, 10.5, 2, 11], "texture": "#0"}
			}
		},
		{
			"from": [10.85909, 15.19787, 7.9],
			"to": [11.45987, 15.50099, 8.1],
			"rotation": {"angle": -45, "axis": "z", "origin": [10.90987, 15.36154, 8]},
			"faces": {
				"north": {"uv": [10.5, 8.5, 11, 9], "texture": "#0"},
				"east": {"uv": [11, 2.5, 11.5, 3], "texture": "#0"},
				"south": {"uv": [9, 10.5, 9.5, 11], "texture": "#0"},
				"west": {"uv": [3, 11, 3.5, 11.5], "texture": "#0"},
				"up": {"uv": [11, 9.5, 10.5, 9], "texture": "#0"},
				"down": {"uv": [10, 10.5, 9.5, 11], "texture": "#0"}
			}
		},
		{
			"from": [10.62472, 15.30724, 7.9],
			"to": [11.01847, 15.46193, 8.1],
			"rotation": {"angle": 22.5, "axis": "z", "origin": [10.90987, 15.36154, 8]},
			"faces": {
				"north": {"uv": [10.5, 9.5, 11, 10], "texture": "#0"},
				"east": {"uv": [11, 3, 11.5, 3.5], "texture": "#0"},
				"south": {"uv": [10, 10.5, 10.5, 11], "texture": "#0"},
				"west": {"uv": [3.5, 11, 4, 11.5], "texture": "#0"},
				"up": {"uv": [11, 10.5, 10.5, 10], "texture": "#0"},
				"down": {"uv": [11, 10.5, 10.5, 11], "texture": "#0"}
			}
		},
		{
			"from": [11.9255, 10.4924, 7.75],
			"to": [12.3255, 14.23068, 8.25],
			"rotation": {"angle": -22.5, "axis": "z", "origin": [8.97227, 13.9974, 8]},
			"faces": {
				"north": {"uv": [4.5, 5.5, 5, 7.5], "texture": "#0"},
				"east": {"uv": [5.5, 5, 6, 7], "texture": "#0"},
				"south": {"uv": [6, 5, 6.5, 7], "texture": "#0"},
				"west": {"uv": [1.5, 6.5, 2, 8.5], "texture": "#0"},
				"up": {"uv": [10.5, 9, 10, 8.5], "texture": "#0"},
				"down": {"uv": [10.5, 9, 10, 9.5], "texture": "#0"}
			}
		},
		{
			"from": [10.85987, 12.8924, 7.75],
			"to": [11.25987, 14.63068, 8.25],
			"rotation": {"angle": 0, "axis": "z", "origin": [8.72227, 14.5974, 8]},
			"faces": {
				"north": {"uv": [9, 8.5, 9.5, 9.5], "texture": "#0"},
				"east": {"uv": [9, 4.5, 9.5, 5.5], "texture": "#0"},
				"south": {"uv": [9.5, 8.5, 9, 9.5], "texture": "#0"},
				"west": {"uv": [9, 6.5, 9.5, 7.5], "texture": "#0"},
				"up": {"uv": [11, 3.5, 10.5, 3], "texture": "#0"},
				"down": {"uv": [4, 10.5, 3.5, 11], "texture": "#0"}
			}
		},
		{
			"from": [8.09727, 13.20912, 7.75],
			"to": [9.84727, 13.5974, 8.25],
			"rotation": {"angle": 22.5, "axis": "z", "origin": [8.97227, 13.9974, 8]},
			"faces": {
				"north": {"uv": [9.5, 4.5, 10.5, 5], "texture": "#0"},
				"east": {"uv": [7, 10, 7.5, 10.5], "texture": "#0"},
				"south": {"uv": [10.5, 4.5, 9.5, 5], "texture": "#0"},
				"west": {"uv": [10, 7, 10.5, 7.5], "texture": "#0"},
				"up": {"uv": [10, 2, 9, 1.5], "texture": "#0"},
				"down": {"uv": [10, 2, 9, 2.5], "texture": "#0"}
			}
		},
		{
			"from": [9.47024, 12.935, 7.75],
			"to": [11.17727, 13.335, 8.25],
			"rotation": {"angle": 45, "axis": "z", "origin": [8.97227, 13.9974, 8]},
			"faces": {
				"north": {"uv": [9.5, 6, 10.5, 6.5], "texture": "#0"},
				"east": {"uv": [7.5, 10, 8, 10.5], "texture": "#0"},
				"south": {"uv": [10.5, 6, 9.5, 6.5], "texture": "#0"},
				"west": {"uv": [10, 7.5, 10.5, 8], "texture": "#0"},
				"up": {"uv": [10, 4, 9, 3.5], "texture": "#0"},
				"down": {"uv": [10, 4, 9, 4.5], "texture": "#0"}
			}
		},
		{
			"from": [11.10987, 11.7924, 7.75],
			"to": [11.50987, 14.03068, 8.25],
			"rotation": {"angle": 22.5, "axis": "z", "origin": [8.97227, 13.9974, 8]},
			"faces": {
				"north": {"uv": [2.5, 8.5, 3, 10], "texture": "#0"},
				"east": {"uv": [3.5, 8.5, 3, 10], "texture": "#0"},
				"south": {"uv": [2.5, 8.5, 3, 10], "texture": "#0"},
				"west": {"uv": [1.5, 8.5, 2, 10], "texture": "#0"},
				"up": {"uv": [8.5, 10.5, 8, 10], "texture": "#0"},
				"down": {"uv": [9, 10, 8.5, 10.5], "texture": "#0"}
			}
		},
		{
			"from": [4.27763, 12.34552, 7.75],
			"to": [4.67763, 15.1838, 8.25],
			"rotation": {"angle": 45, "axis": "z", "origin": [7.27773, 14.5974, 8]},
			"faces": {
				"north": {"uv": [6, 8, 6.5, 9.5], "texture": "#0"},
				"east": {"uv": [6.5, 8, 7, 9.5], "texture": "#0"},
				"south": {"uv": [8, 6.5, 8.5, 8], "texture": "#0"},
				"west": {"uv": [7, 8, 7.5, 9.5], "texture": "#0"},
				"up": {"uv": [4.5, 11, 4, 10.5], "texture": "#0"},
				"down": {"uv": [5, 10.5, 4.5, 11], "texture": "#0"}
			}
		},
		{
			"from": [2.27763, 12.34552, 8],
			"to": [6.67763, 16.1838, 8],
			"rotation": {"angle": 45, "axis": "z", "origin": [7.27773, 14.5974, 8]},
			"faces": {
				"north": {"uv": [2.5, 3.5, 5, 5.5], "texture": "#0"},
				"east": {"uv": [0, 0, 0, 2], "texture": "#0"},
				"south": {"uv": [5, 3.5, 2.5, 5.5], "texture": "#0"},
				"west": {"uv": [0, 0, 0, 2], "texture": "#0"},
				"up": {"uv": [2.5, 0, 0, 0], "texture": "#0"},
				"down": {"uv": [2.5, 0, 0, 0], "texture": "#0"}
			}
		},
		{
			"from": [4.59013, 14.5924, 7.75],
			"to": [5.09013, 15.13068, 8.25],
			"rotation": {"angle": 0, "axis": "z", "origin": [7.02773, 13.9974, 8]},
			"faces": {
				"north": {"uv": [10.5, 4.5, 11, 5], "texture": "#0"},
				"east": {"uv": [5, 10.5, 5.5, 11], "texture": "#0"},
				"south": {"uv": [10.5, 5, 11, 5.5], "texture": "#0"},
				"west": {"uv": [5.5, 10.5, 6, 11], "texture": "#0"},
				"up": {"uv": [11, 6, 10.5, 5.5], "texture": "#0"},
				"down": {"uv": [6.5, 10.5, 6, 11], "texture": "#0"}
			}
		},
		{
			"from": [4.54013, 15.19787, 7.9],
			"to": [5.14091, 15.50099, 8.1],
			"rotation": {"angle": 45, "axis": "z", "origin": [5.09013, 15.36154, 8]},
			"faces": {
				"north": {"uv": [11, 0, 11.5, 0.5], "texture": "#0"},
				"east": {"uv": [11, 3.5, 11.5, 4], "texture": "#0"},
				"south": {"uv": [11, 0.5, 11.5, 1], "texture": "#0"},
				"west": {"uv": [4, 11, 4.5, 11.5], "texture": "#0"},
				"up": {"uv": [11.5, 1.5, 11, 1], "texture": "#0"},
				"down": {"uv": [2, 11, 1.5, 11.5], "texture": "#0"}
			}
		},
		{
			"from": [4.98153, 15.30724, 7.9],
			"to": [5.37528, 15.46193, 8.1],
			"rotation": {"angle": -22.5, "axis": "z", "origin": [5.09013, 15.36154, 8]},
			"faces": {
				"north": {"uv": [11, 1.5, 11.5, 2], "texture": "#0"},
				"east": {"uv": [11, 4, 11.5, 4.5], "texture": "#0"},
				"south": {"uv": [2, 11, 2.5, 11.5], "texture": "#0"},
				"west": {"uv": [4.5, 11, 5, 11.5], "texture": "#0"},
				"up": {"uv": [11.5, 2.5, 11, 2], "texture": "#0"},
				"down": {"uv": [3, 11, 2.5, 11.5], "texture": "#0"}
			}
		},
		{
			"from": [3.6745, 10.4924, 7.75],
			"to": [4.0745, 14.23068, 8.25],
			"rotation": {"angle": 22.5, "axis": "z", "origin": [7.02773, 13.9974, 8]},
			"faces": {
				"north": {"uv": [2, 6.5, 2.5, 8.5], "texture": "#0"},
				"east": {"uv": [2.5, 6.5, 3, 8.5], "texture": "#0"},
				"south": {"uv": [3, 6.5, 3.5, 8.5], "texture": "#0"},
				"west": {"uv": [3.5, 6.5, 4, 8.5], "texture": "#0"},
				"up": {"uv": [11, 6.5, 10.5, 6], "texture": "#0"},
				"down": {"uv": [7, 10.5, 6.5, 11], "texture": "#0"}
			}
		},
		{
			"from": [4.74013, 12.8924, 7.75],
			"to": [5.14013, 14.63068, 8.25],
			"rotation": {"angle": 0, "axis": "z", "origin": [7.27773, 14.5974, 8]},
			"faces": {
				"north": {"uv": [9.5, 8.5, 9, 9.5], "texture": "#0"},
				"east": {"uv": [8.5, 9, 9, 10], "texture": "#0"},
				"south": {"uv": [9, 8.5, 9.5, 9.5], "texture": "#0"},
				"west": {"uv": [4, 9.5, 4.5, 10.5], "texture": "#0"},
				"up": {"uv": [11, 7, 10.5, 6.5], "texture": "#0"},
				"down": {"uv": [7.5, 10.5, 7, 11], "texture": "#0"}
			}
		},
		{
			"from": [6.15273, 13.20912, 7.75],
			"to": [7.90273, 13.5974, 8.25],
			"rotation": {"angle": -22.5, "axis": "z", "origin": [7.02773, 13.9974, 8]},
			"faces": {
				"north": {"uv": [10.5, 4.5, 9.5, 5], "texture": "#0"},
				"east": {"uv": [10.5, 7, 11, 7.5], "texture": "#0"},
				"south": {"uv": [9.5, 4.5, 10.5, 5], "texture": "#0"},
				"west": {"uv": [7.5, 10.5, 8, 11], "texture": "#0"},
				"up": {"uv": [10.5, 5.5, 9.5, 5], "texture": "#0"},
				"down": {"uv": [6.5, 9.5, 5.5, 10], "texture": "#0"}
			}
		},
		{
			"from": [4.82273, 12.935, 7.75],
			"to": [6.52976, 13.335, 8.25],
			"rotation": {"angle": -45, "axis": "z", "origin": [7.02773, 13.9974, 8]},
			"faces": {
				"north": {"uv": [10.5, 6, 9.5, 6.5], "texture": "#0"},
				"east": {"uv": [10.5, 7.5, 11, 8], "texture": "#0"},
				"south": {"uv": [9.5, 6, 10.5, 6.5], "texture": "#0"},
				"west": {"uv": [8, 10.5, 8.5, 11], "texture": "#0"},
				"up": {"uv": [7.5, 10, 6.5, 9.5], "texture": "#0"},
				"down": {"uv": [10.5, 6.5, 9.5, 7], "texture": "#0"}
			}
		},
		{
			"from": [4.49013, 11.7924, 7.75],
			"to": [4.89013, 14.03068, 8.25],
			"rotation": {"angle": -22.5, "axis": "z", "origin": [7.02773, 13.9974, 8]},
			"faces": {
				"north": {"uv": [3, 8.5, 2.5, 10], "texture": "#0"},
				"east": {"uv": [2, 8.5, 2.5, 10], "texture": "#0"},
				"south": {"uv": [2.5, 8.5, 3, 10], "texture": "#0"},
				"west": {"uv": [3, 8.5, 3.5, 10], "texture": "#0"},
				"up": {"uv": [11, 8.5, 10.5, 8], "texture": "#0"},
				"down": {"uv": [9, 10.5, 8.5, 11], "texture": "#0"}
			}
		}
	],
	"display": {
		"thirdperson_righthand": {
			"rotation": [0, 103, 0]
		},
		"thirdperson_lefthand": {
			"rotation": [0, -104, 0]
		},
		"firstperson_righthand": {
			"rotation": [0, -92, 0],
			"translation": [0.5, 0, 0.5]
		},
		"firstperson_lefthand": {
			"rotation": [0, 92, 0],
			"translation": [0.5, 0, 0.5]
		},
		"ground": {
			"rotation": [-81.47, 3.8, 29.09],
			"translation": [0, -2.75, 0],
			"scale": [0.85547, 0.85547, 0.85547]
		},
		"gui": {
			"translation": [0, -2.25, 0],
			"scale": [0.78516, 0.78516, 0.78516]
		},
		"head": {
			"translation": [0, 11.75, 0]
		},
		"fixed": {
			"translation": [0, -2.75, -0.25]
		}
	},
	"groups": [
		0,
		1,
		2,
		3,
		4,
		5,
		6,
		7,
		8,
		9,
		10,
		{
			"name": "group",
			"origin": [8.97227, 13.9974, 8],
			"color": 0,
			"children": [11, 12, 13, 14, 15, 16, 17, 18, 19, 20]
		},
		{
			"name": "group",
			"origin": [8.97227, 13.9974, 8],
			"color": 0,
			"children": [21, 22, 23, 24, 25, 26, 27, 28, 29, 30]
		}
	]
}