{
	"credit": "Made with Blockbench",
	"texture_size": [32, 32],
	"textures": {
		"0": "item/key1",
		"1": "item/key2",
		"particle": "item/key1"
	},
	"elements": [
		{
			"from": [7, -1, 7.45],
			"to": [9, 20, 8.55],
			"rotation": {"angle": 0, "axis": "y", "origin": [7, 4, 6.55]},
			"faces": {
				"north": {"uv": [0, 0, 0.5, 5.25], "texture": "#0"},
				"east": {"uv": [1, 3, 1.25, 8.25], "texture": "#0"},
				"south": {"uv": [0, 0, 0.5, 5.25], "texture": "#0"},
				"west": {"uv": [1, 3, 1.25, 8.25], "texture": "#0"},
				"up": {"uv": [5.75, 5.75, 5.25, 5.5], "texture": "#0"},
				"down": {"uv": [0.5, 5.75, 0, 6], "texture": "#0"}
			}
		},
		{
			"from": [5, 20, 6.95],
			"to": [11, 21, 9.05],
			"rotation": {"angle": 0, "axis": "y", "origin": [7, 4, 6.55]},
			"faces": {
				"north": {"uv": [3.5, 2.75, 5, 3], "texture": "#0"},
				"east": {"uv": [5.75, 0.5, 6.25, 0.75], "texture": "#0"},
				"south": {"uv": [4.5, 4.25, 6, 4.5], "texture": "#0"},
				"west": {"uv": [5.75, 1.5, 6.25, 1.75], "texture": "#0"},
				"up": {"uv": [3, 4, 1.5, 3.5], "texture": "#0"},
				"down": {"uv": [5, 1.5, 3.5, 2], "texture": "#0"}
			}
		},
		{
			"from": [6.625, -1.97422, 6.95],
			"to": [9.375, -0.97422, 9.05],
			"rotation": {"angle": 0, "axis": "y", "origin": [6.875, 4, 6.55]},
			"faces": {
				"north": {"uv": [5.25, 4.5, 5.9375, 4.75], "texture": "#0"},
				"east": {"uv": [5.75, 0, 6.25, 0.25], "texture": "#0"},
				"south": {"uv": [5.25, 4.75, 5.9375, 5], "texture": "#0"},
				"west": {"uv": [5.75, 0.25, 6.25, 0.5], "texture": "#0"},
				"up": {"uv": [5.1875, 5, 4.5, 4.5], "texture": "#0"},
				"down": {"uv": [2.1875, 4.75, 1.5, 5.25], "texture": "#0"}
			}
		},
		{
			"from": [1, 21, 6.7],
			"to": [15, 22, 9.3],
			"rotation": {"angle": 0, "axis": "y", "origin": [7, 4, 6.55]},
			"faces": {
				"north": {"uv": [1.5, 3, 5, 3.25], "texture": "#0"},
				"east": {"uv": [5.25, 5, 5.875, 5.25], "texture": "#0"},
				"south": {"uv": [1.5, 3, 5, 3.25], "texture": "#0"},
				"west": {"uv": [5.25, 5.25, 5.875, 5.5], "texture": "#0"},
				"up": {"uv": [4.5, 0.625, 1, 0], "texture": "#0"},
				"down": {"uv": [4.5, 0.75, 1, 1.375], "texture": "#0"}
			}
		},
		{
			"from": [11, 26, 6.7],
			"to": [14, 27, 9.3],
			"rotation": {"angle": 0, "axis": "y", "origin": [7, 4, 6.55]},
			"faces": {
				"north": {"uv": [5.25, 1.25, 6, 1.5], "texture": "#0"},
				"east": {"uv": [5.5, 3.5, 6.125, 3.75], "texture": "#0"},
				"south": {"uv": [5.25, 1.25, 6, 1.5], "texture": "#0"},
				"west": {"uv": [5.5, 3.75, 6.125, 4], "texture": "#0"},
				"up": {"uv": [4.5, 4.875, 3.75, 4.25], "texture": "#0"},
				"down": {"uv": [5.25, 0, 4.5, 0.625], "texture": "#0"}
			}
		},
		{
			"from": [6, 27, 6.7],
			"to": [10, 28, 9.3],
			"rotation": {"angle": 0, "axis": "y", "origin": [7, 4, 6.55]},
			"faces": {
				"north": {"uv": [4.75, 4, 5.75, 4.25], "texture": "#0"},
				"east": {"uv": [5.5, 2.5, 6.125, 2.75], "texture": "#0"},
				"south": {"uv": [4.75, 4, 5.75, 4.25], "texture": "#0"},
				"west": {"uv": [3, 5.5, 3.625, 5.75], "texture": "#0"},
				"up": {"uv": [4.5, 2.625, 3.5, 2], "texture": "#0"},
				"down": {"uv": [4, 3.5, 3, 4.125], "texture": "#0"}
			}
		},
		{
			"from": [14, 22, 6.7],
			"to": [15, 25, 9.3],
			"rotation": {"angle": 0, "axis": "y", "origin": [7, 4, 6.55]},
			"faces": {
				"north": {"uv": [5.25, 2, 5.5, 2.75], "texture": "#0"},
				"east": {"uv": [4.5, 0.75, 5.125, 1.5], "texture": "#0"},
				"south": {"uv": [5.25, 2, 5.5, 2.75], "texture": "#0"},
				"west": {"uv": [4.5, 2, 5.125, 2.75], "texture": "#0"},
				"up": {"uv": [5, 6.125, 4.75, 5.5], "texture": "#0"},
				"down": {"uv": [5.25, 5.5, 5, 6.125], "texture": "#0"}
			}
		},
		{
			"from": [1, 22, 6.7],
			"to": [2, 25, 9.3],
			"rotation": {"angle": 0, "axis": "y", "origin": [7, 4, 6.55]},
			"faces": {
				"north": {"uv": [5.25, 0, 5.5, 0.75], "texture": "#0"},
				"east": {"uv": [1.5, 4, 2.125, 4.75], "texture": "#0"},
				"south": {"uv": [5.25, 0, 5.5, 0.75], "texture": "#0"},
				"west": {"uv": [2.25, 4, 2.875, 4.75], "texture": "#0"},
				"up": {"uv": [2.75, 5.875, 2.5, 5.25], "texture": "#0"},
				"down": {"uv": [3, 5.25, 2.75, 5.875], "texture": "#0"}
			}
		},
		{
			"from": [2, 24, 6.7],
			"to": [3, 26, 9.3],
			"rotation": {"angle": 0, "axis": "y", "origin": [7, 4, 6.55]},
			"faces": {
				"north": {"uv": [0.5, 5.75, 0.75, 6.25], "texture": "#0"},
				"east": {"uv": [2.25, 4.75, 2.875, 5.25], "texture": "#0"},
				"south": {"uv": [0.5, 5.75, 0.75, 6.25], "texture": "#0"},
				"west": {"uv": [4.75, 3.5, 5.375, 4], "texture": "#0"},
				"up": {"uv": [5.75, 0.625, 5.5, 0], "texture": "#0"},
				"down": {"uv": [1.75, 5.5, 1.5, 6.125], "texture": "#0"}
			}
		},
		{
			"from": [13, 24, 6.7],
			"to": [14, 26, 9.3],
			"rotation": {"angle": 0, "axis": "y", "origin": [7, 4, 6.55]},
			"faces": {
				"north": {"uv": [5.5, 5.75, 5.75, 6.25], "texture": "#0"},
				"east": {"uv": [4.5, 5, 5.125, 5.5], "texture": "#0"},
				"south": {"uv": [5.5, 5.75, 5.75, 6.25], "texture": "#0"},
				"west": {"uv": [0, 5.25, 0.625, 5.75], "texture": "#0"},
				"up": {"uv": [4.5, 6.125, 4.25, 5.5], "texture": "#0"},
				"down": {"uv": [4.75, 5.5, 4.5, 6.125], "texture": "#0"}
			}
		},
		{
			"from": [10, 26, 6.7],
			"to": [11, 28, 9.3],
			"rotation": {"angle": 0, "axis": "y", "origin": [7, 4, 6.55]},
			"faces": {
				"north": {"uv": [3.5, 5.75, 3.75, 6.25], "texture": "#0"},
				"east": {"uv": [3, 5, 3.625, 5.5], "texture": "#0"},
				"south": {"uv": [3.5, 5.75, 3.75, 6.25], "texture": "#0"},
				"west": {"uv": [3.75, 5, 4.375, 5.5], "texture": "#0"},
				"up": {"uv": [4, 6.125, 3.75, 5.5], "texture": "#0"},
				"down": {"uv": [4.25, 5.5, 4, 6.125], "texture": "#0"}
			}
		},
		{
			"from": [5, 26, 6.7],
			"to": [6, 28, 9.3],
			"rotation": {"angle": 0, "axis": "y", "origin": [9, 4, 6.55]},
			"faces": {
				"north": {"uv": [3, 5.75, 3.25, 6.25], "texture": "#0"},
				"east": {"uv": [5, 1.5, 5.625, 2], "texture": "#0"},
				"south": {"uv": [3, 5.75, 3.25, 6.25], "texture": "#0"},
				"west": {"uv": [5, 2.75, 5.625, 3.25], "texture": "#0"},
				"up": {"uv": [2, 6.125, 1.75, 5.5], "texture": "#0"},
				"down": {"uv": [2.25, 5.5, 2, 6.125], "texture": "#0"}
			}
		},
		{
			"from": [2, 26, 6.7],
			"to": [5, 27, 9.3],
			"rotation": {"angle": 0, "axis": "y", "origin": [9, 4, 6.55]},
			"faces": {
				"north": {"uv": [5.25, 0.75, 6, 1], "texture": "#0"},
				"east": {"uv": [5.5, 2, 6.125, 2.25], "texture": "#0"},
				"south": {"uv": [5.25, 0.75, 6, 1], "texture": "#0"},
				"west": {"uv": [5.5, 2.25, 6.125, 2.5], "texture": "#0"},
				"up": {"uv": [4.75, 4.125, 4, 3.5], "texture": "#0"},
				"down": {"uv": [3.75, 4.25, 3, 4.875], "texture": "#0"}
			}
		},
		{
			"from": [0.2214, -0.9353, 7.93147],
			"to": [7.0744, 7.2883, 8.06853],
			"rotation": {"angle": 0, "axis": "y", "origin": [11.4265, 5.4824, 6.01263]},
			"faces": {
				"north": {"uv": [1, 1.5, 2.25, 3], "texture": "#0"},
				"east": {"uv": [0.75, 6, 0.8125, 7.5], "texture": "#0"},
				"south": {"uv": [1, 1.5, 2.25, 3], "rotation": 180, "texture": "#0"},
				"west": {"uv": [2.75, 6, 2.8125, 7.5], "texture": "#0"},
				"up": {"uv": [7, 1.8125, 5.75, 1.75], "texture": "#0"},
				"down": {"uv": [7.25, 1.25, 6, 1.3125], "texture": "#0"}
			}
		},
		{
			"from": [7.85, 12.95, 7],
			"to": [9.55, 13.55, 9],
			"rotation": {"angle": 0, "axis": "y", "origin": [7, 0, 6]},
			"faces": {
				"north": {"uv": [5.5, 2, 6.375, 2.25], "texture": "#1"},
				"east": {"uv": [5, 4.5, 6, 4.75], "texture": "#1"},
				"south": {"uv": [2.5, 5.5, 3.375, 5.75], "texture": "#1"},
				"west": {"uv": [5, 5, 6, 5.25], "texture": "#1"},
				"up": {"uv": [1.875, 4, 1, 3], "texture": "#1"},
				"down": {"uv": [2.875, 3, 2, 4], "texture": "#1"}
			}
		},
		{
			"from": [8.1, 15.95, 7],
			"to": [9.05, 16.55, 9],
			"rotation": {"angle": 0, "axis": "y", "origin": [7, 0, 6]},
			"faces": {
				"north": {"uv": [4, 5.5, 4.5, 5.75], "texture": "#1"},
				"east": {"uv": [5.5, 0, 6.5, 0.25], "texture": "#1"},
				"south": {"uv": [5.5, 4, 6, 4.25], "texture": "#1"},
				"west": {"uv": [0.5, 5.5, 1.5, 5.75], "texture": "#1"},
				"up": {"uv": [0.5, 6, 0, 5], "texture": "#1"},
				"down": {"uv": [5.5, 0, 5, 1], "texture": "#1"}
			}
		},
		{
			"from": [6.85, 5.75, 7],
			"to": [7.8, 6.35, 9],
			"rotation": {"angle": 0, "axis": "y", "origin": [7, 0, 6]},
			"faces": {
				"north": {"uv": [3.5, 5.5, 4, 5.75], "texture": "#1"},
				"east": {"uv": [5, 1.5, 6, 1.75], "texture": "#1"},
				"south": {"uv": [5.5, 3.5, 6, 3.75], "texture": "#1"},
				"west": {"uv": [2.5, 5, 3.5, 5.25], "texture": "#1"},
				"up": {"uv": [2.5, 5, 2, 4], "texture": "#1"},
				"down": {"uv": [3, 4, 2.5, 5], "texture": "#1"}
			}
		},
		{
			"from": [6.25, 11.25, 7],
			"to": [8.25, 12.25, 9],
			"rotation": {"angle": 0, "axis": "y", "origin": [7, 0, 6]},
			"faces": {
				"north": {"uv": [4.5, 2, 5.5, 2.5], "texture": "#1"},
				"east": {"uv": [4.5, 2.5, 5.5, 3], "texture": "#1"},
				"south": {"uv": [3, 4.5, 4, 5], "texture": "#1"},
				"west": {"uv": [4.5, 3, 5.5, 3.5], "texture": "#1"},
				"up": {"uv": [1, 3, 0, 2], "texture": "#1"},
				"down": {"uv": [2, 2, 1, 3], "texture": "#1"}
			}
		},
		{
			"from": [8.25, 8.1, 7],
			"to": [9.25, 9, 9],
			"rotation": {"angle": 0, "axis": "y", "origin": [7, 0, 6]},
			"faces": {
				"north": {"uv": [3.5, 5, 4, 5.5], "texture": "#1"},
				"east": {"uv": [3, 4, 4, 4.5], "texture": "#1"},
				"south": {"uv": [5, 4, 5.5, 4.5], "texture": "#1"},
				"west": {"uv": [4, 4, 5, 4.5], "texture": "#1"},
				"up": {"uv": [5, 1, 4.5, 0], "texture": "#1"},
				"down": {"uv": [5, 1, 4.5, 2], "texture": "#1"}
			}
		},
		{
			"from": [6.75, 6.75, 7],
			"to": [8, 7.5, 9],
			"rotation": {"angle": 0, "axis": "y", "origin": [7, 0, 6]},
			"faces": {
				"north": {"uv": [5.5, 0.5, 6.125, 0.875], "texture": "#1"},
				"east": {"uv": [4.5, 3.5, 5.5, 3.875], "texture": "#1"},
				"south": {"uv": [1.5, 5.5, 2.125, 5.875], "texture": "#1"},
				"west": {"uv": [0.5, 5, 1.5, 5.375], "texture": "#1"},
				"up": {"uv": [4.125, 1, 3.5, 0], "texture": "#1"},
				"down": {"uv": [4.125, 1, 3.5, 2], "texture": "#1"}
			}
		},
		{
			"from": [6.75, 14.75, 7],
			"to": [7.75, 15.5, 9],
			"rotation": {"angle": 0, "axis": "y", "origin": [7, 0, 6]},
			"faces": {
				"north": {"uv": [5.5, 2.5, 6, 2.875], "texture": "#1"},
				"east": {"uv": [5, 1, 6, 1.375], "texture": "#1"},
				"south": {"uv": [5.5, 3, 6, 3.375], "texture": "#1"},
				"west": {"uv": [1.5, 5, 2.5, 5.375], "texture": "#1"},
				"up": {"uv": [4.5, 5.5, 4, 4.5], "texture": "#1"},
				"down": {"uv": [5, 4.5, 4.5, 5.5], "texture": "#1"}
			}
		},
		{
			"from": [7.25, 9.5, 7],
			"to": [9.75, 10.75, 9],
			"rotation": {"angle": 0, "axis": "y", "origin": [7, 0, 6]},
			"faces": {
				"north": {"uv": [3, 2, 4.25, 2.625], "texture": "#1"},
				"east": {"uv": [0, 4, 1, 4.625], "texture": "#1"},
				"south": {"uv": [3, 3, 4.25, 3.625], "texture": "#1"},
				"west": {"uv": [1, 4, 2, 4.625], "texture": "#1"},
				"up": {"uv": [1.25, 1, 0, 0], "texture": "#1"},
				"down": {"uv": [1.25, 1, 0, 2], "texture": "#1"}
			}
		},
		{
			"from": [7, -3.4, 7.1],
			"to": [9, -1.4, 8.9],
			"rotation": {"angle": -45, "axis": "z", "origin": [8, -2.4, 8]},
			"faces": {
				"north": {"uv": [1.5, 0, 2.5, 1], "texture": "#1"},
				"east": {"uv": [0, 3, 1, 3.875], "rotation": 270, "texture": "#1"},
				"south": {"uv": [1.5, 0, 2.5, 1], "rotation": 270, "texture": "#1"},
				"west": {"uv": [2.5, 0, 3.375, 1], "texture": "#1"},
				"up": {"uv": [3.5, 1.875, 2.5, 1], "texture": "#1"},
				"down": {"uv": [1, 3, 0, 3.875], "texture": "#1"}
			}
		},
		{
			"from": [6.75, -2.4, 8.35],
			"to": [8, -1.15, 8.65],
			"rotation": {"angle": 45, "axis": "z", "origin": [8, -2.4, 8]},
			"faces": {
				"north": {"uv": [6, 4, 6.3125, 4.3125], "texture": "#0"},
				"east": {"uv": [2, 6.25, 2.0625, 6.5625], "texture": "#0"},
				"south": {"uv": [6, 4.5, 6.3125, 4.8125], "texture": "#0"},
				"west": {"uv": [6.25, 2, 6.3125, 2.3125], "texture": "#0"},
				"up": {"uv": [6.5625, 2.5625, 6.25, 2.5], "texture": "#0"},
				"down": {"uv": [3.3125, 6.25, 3, 6.3125], "texture": "#0"}
			}
		},
		{
			"from": [6.75, -2.4, 7.35],
			"to": [8, -1.15, 7.65],
			"rotation": {"angle": 45, "axis": "z", "origin": [8, -2.4, 8]},
			"faces": {
				"north": {"uv": [6, 5, 6.3125, 5.3125], "texture": "#0"},
				"east": {"uv": [3.5, 6.25, 3.5625, 6.5625], "texture": "#0"},
				"south": {"uv": [6, 5.5, 6.3125, 5.8125], "texture": "#0"},
				"west": {"uv": [6.25, 3.5, 6.3125, 3.8125], "texture": "#0"},
				"up": {"uv": [4.0625, 6.3125, 3.75, 6.25], "texture": "#0"},
				"down": {"uv": [4.5625, 6.25, 4.25, 6.3125], "texture": "#0"}
			}
		},
		{
			"from": [8, -2.4, 8.35],
			"to": [9.25, -1.15, 8.65],
			"rotation": {"angle": -45, "axis": "z", "origin": [8, -2.4, 8]},
			"faces": {
				"north": {"uv": [0, 6, 0.3125, 6.3125], "texture": "#0"},
				"east": {"uv": [5.75, 6, 5.8125, 6.3125], "texture": "#0"},
				"south": {"uv": [6, 0.75, 6.3125, 1.0625], "texture": "#0"},
				"west": {"uv": [6, 6, 6.0625, 6.3125], "texture": "#0"},
				"up": {"uv": [6.3125, 3.3125, 6, 3.25], "texture": "#0"},
				"down": {"uv": [6.5625, 0, 6.25, 0.0625], "texture": "#0"}
			}
		},
		{
			"from": [8, -2.4, 7.35],
			"to": [9.25, -1.15, 7.65],
			"rotation": {"angle": -45, "axis": "z", "origin": [8, -2.4, 8]},
			"faces": {
				"north": {"uv": [2.25, 6, 2.5625, 6.3125], "texture": "#0"},
				"east": {"uv": [6.25, 0.25, 6.3125, 0.5625], "texture": "#0"},
				"south": {"uv": [6, 2.75, 6.3125, 3.0625], "texture": "#0"},
				"west": {"uv": [0.5, 6.25, 0.5625, 6.5625], "texture": "#0"},
				"up": {"uv": [1.8125, 6.3125, 1.5, 6.25], "texture": "#0"},
				"down": {"uv": [6.5625, 1.5, 6.25, 1.5625], "texture": "#0"}
			}
		},
		{
			"from": [7.265, 20.29, 6.6275],
			"to": [7.755, 20.78, 7.1225],
			"rotation": {"angle": 0, "axis": "z", "origin": [8, 9.555, 8]},
			"faces": {
				"north": {"uv": [4.5, 5.5, 4.75, 5.75], "texture": "#1"},
				"east": {"uv": [5, 5.5, 5.25, 5.75], "texture": "#1"},
				"south": {"uv": [5.5, 5.5, 5.75, 5.75], "texture": "#1"},
				"west": {"uv": [0, 6, 0.25, 6.25], "texture": "#1"},
				"up": {"uv": [0.75, 6.25, 0.5, 6], "texture": "#1"},
				"down": {"uv": [1.25, 6, 1, 6.25], "texture": "#1"}
			}
		},
		{
			"from": [8.245, 20.78, 6.6275],
			"to": [8.735, 21.27, 7.1225],
			"rotation": {"angle": 0, "axis": "z", "origin": [8, 9.555, 8]},
			"faces": {
				"north": {"uv": [6, 1, 6.25, 1.25], "texture": "#1"},
				"east": {"uv": [1.5, 6, 1.75, 6.25], "texture": "#1"},
				"south": {"uv": [6, 1.5, 6.25, 1.75], "texture": "#1"},
				"west": {"uv": [2, 6, 2.25, 6.25], "texture": "#1"},
				"up": {"uv": [2.75, 6.25, 2.5, 6], "texture": "#1"},
				"down": {"uv": [6.25, 2.5, 6, 2.75], "texture": "#1"}
			}
		},
		{
			"from": [8.735, 20.78, 6.6275],
			"to": [9.225, 21.27, 7.1225],
			"rotation": {"angle": 0, "axis": "z", "origin": [8, 9.555, 8]},
			"faces": {
				"north": {"uv": [3, 6, 3.25, 6.25], "texture": "#1"},
				"east": {"uv": [6, 3, 6.25, 3.25], "texture": "#1"},
				"south": {"uv": [3.5, 6, 3.75, 6.25], "texture": "#1"},
				"west": {"uv": [6, 3.5, 6.25, 3.75], "texture": "#1"},
				"up": {"uv": [4.25, 6.25, 4, 6], "texture": "#1"},
				"down": {"uv": [6.25, 4, 6, 4.25], "texture": "#1"}
			}
		},
		{
			"from": [8.245, 20.29, 6.6275],
			"to": [8.735, 20.78, 7.1225],
			"rotation": {"angle": 0, "axis": "z", "origin": [8, 9.555, 8]},
			"faces": {
				"north": {"uv": [4.5, 6, 4.75, 6.25], "texture": "#1"},
				"east": {"uv": [6, 4.5, 6.25, 4.75], "texture": "#1"},
				"south": {"uv": [5, 6, 5.25, 6.25], "texture": "#1"},
				"west": {"uv": [6, 5, 6.25, 5.25], "texture": "#1"},
				"up": {"uv": [5.75, 6.25, 5.5, 6], "texture": "#1"},
				"down": {"uv": [6.25, 5.5, 6, 5.75], "texture": "#1"}
			}
		},
		{
			"from": [6.775, 20.78, 6.6275],
			"to": [7.265, 21.27, 7.1225],
			"rotation": {"angle": 0, "axis": "z", "origin": [8, 9.555, 8]},
			"faces": {
				"north": {"uv": [6, 6, 6.25, 6.25], "texture": "#1"},
				"east": {"uv": [0, 6.5, 0.25, 6.75], "texture": "#1"},
				"south": {"uv": [6.5, 0, 6.75, 0.25], "texture": "#1"},
				"west": {"uv": [0.5, 6.5, 0.75, 6.75], "texture": "#1"},
				"up": {"uv": [6.75, 0.75, 6.5, 0.5], "texture": "#1"},
				"down": {"uv": [1.25, 6.5, 1, 6.75], "texture": "#1"}
			}
		},
		{
			"from": [7.265, 20.78, 6.6275],
			"to": [7.755, 21.27, 7.1225],
			"rotation": {"angle": 0, "axis": "z", "origin": [8, 9.555, 8]},
			"faces": {
				"north": {"uv": [6.5, 1, 6.75, 1.25], "texture": "#1"},
				"east": {"uv": [1.5, 6.5, 1.75, 6.75], "texture": "#1"},
				"south": {"uv": [6.5, 1.5, 6.75, 1.75], "texture": "#1"},
				"west": {"uv": [2, 6.5, 2.25, 6.75], "texture": "#1"},
				"up": {"uv": [6.75, 2.25, 6.5, 2], "texture": "#1"},
				"down": {"uv": [2.75, 6.5, 2.5, 6.75], "texture": "#1"}
			}
		},
		{
			"from": [6.775, 21.76, 6.6275],
			"to": [7.265, 22.25, 7.1225],
			"rotation": {"angle": 0, "axis": "z", "origin": [8, 9.555, 8]},
			"faces": {
				"north": {"uv": [6.5, 2.5, 6.75, 2.75], "texture": "#1"},
				"east": {"uv": [3, 6.5, 3.25, 6.75], "texture": "#1"},
				"south": {"uv": [6.5, 3, 6.75, 3.25], "texture": "#1"},
				"west": {"uv": [3.5, 6.5, 3.75, 6.75], "texture": "#1"},
				"up": {"uv": [6.75, 3.75, 6.5, 3.5], "texture": "#1"},
				"down": {"uv": [4.25, 6.5, 4, 6.75], "texture": "#1"}
			}
		},
		{
			"from": [7.265, 21.76, 6.6275],
			"to": [7.755, 22.25, 7.1225],
			"rotation": {"angle": 0, "axis": "z", "origin": [8, 9.555, 8]},
			"faces": {
				"north": {"uv": [6.5, 4, 6.75, 4.25], "texture": "#1"},
				"east": {"uv": [4.5, 6.5, 4.75, 6.75], "texture": "#1"},
				"south": {"uv": [6.5, 4.5, 6.75, 4.75], "texture": "#1"},
				"west": {"uv": [5, 6.5, 5.25, 6.75], "texture": "#1"},
				"up": {"uv": [6.75, 5.25, 6.5, 5], "texture": "#1"},
				"down": {"uv": [5.75, 6.5, 5.5, 6.75], "texture": "#1"}
			}
		},
		{
			"from": [7.265, 22.25, 6.6275],
			"to": [7.755, 22.74, 7.1225],
			"rotation": {"angle": 0, "axis": "z", "origin": [8, 9.555, 8]},
			"faces": {
				"north": {"uv": [6.5, 5.5, 6.75, 5.75], "texture": "#1"},
				"east": {"uv": [6, 6.5, 6.25, 6.75], "texture": "#1"},
				"south": {"uv": [6.5, 6, 6.75, 6.25], "texture": "#1"},
				"west": {"uv": [6.5, 6.5, 6.75, 6.75], "texture": "#1"},
				"up": {"uv": [0.25, 7.25, 0, 7], "texture": "#1"},
				"down": {"uv": [7.25, 0, 7, 0.25], "texture": "#1"}
			}
		},
		{
			"from": [8.735, 21.76, 6.6275],
			"to": [9.225, 22.25, 7.1225],
			"rotation": {"angle": 0, "axis": "z", "origin": [8, 9.555, 8]},
			"faces": {
				"north": {"uv": [0.5, 7, 0.75, 7.25], "texture": "#1"},
				"east": {"uv": [7, 0.5, 7.25, 0.75], "texture": "#1"},
				"south": {"uv": [1, 7, 1.25, 7.25], "texture": "#1"},
				"west": {"uv": [7, 1, 7.25, 1.25], "texture": "#1"},
				"up": {"uv": [1.75, 7.25, 1.5, 7], "texture": "#1"},
				"down": {"uv": [7.25, 1.5, 7, 1.75], "texture": "#1"}
			}
		},
		{
			"from": [8.245, 21.76, 6.6275],
			"to": [8.735, 22.25, 7.1225],
			"rotation": {"angle": 0, "axis": "z", "origin": [8, 9.555, 8]},
			"faces": {
				"north": {"uv": [2, 7, 2.25, 7.25], "texture": "#1"},
				"east": {"uv": [7, 2, 7.25, 2.25], "texture": "#1"},
				"south": {"uv": [2.5, 7, 2.75, 7.25], "texture": "#1"},
				"west": {"uv": [7, 2.5, 7.25, 2.75], "texture": "#1"},
				"up": {"uv": [3.25, 7.25, 3, 7], "texture": "#1"},
				"down": {"uv": [7.25, 3, 7, 3.25], "texture": "#1"}
			}
		},
		{
			"from": [8.245, 22.25, 6.6275],
			"to": [8.735, 22.74, 7.1225],
			"rotation": {"angle": 0, "axis": "z", "origin": [8, 9.555, 8]},
			"faces": {
				"north": {"uv": [3.5, 7, 3.75, 7.25], "texture": "#1"},
				"east": {"uv": [7, 3.5, 7.25, 3.75], "texture": "#1"},
				"south": {"uv": [4, 7, 4.25, 7.25], "texture": "#1"},
				"west": {"uv": [7, 4, 7.25, 4.25], "texture": "#1"},
				"up": {"uv": [4.75, 7.25, 4.5, 7], "texture": "#1"},
				"down": {"uv": [7.25, 4.5, 7, 4.75], "texture": "#1"}
			}
		},
		{
			"from": [7.755, 21.27, 6.6275],
			"to": [8.245, 21.76, 7.1225],
			"rotation": {"angle": 0, "axis": "z", "origin": [8, 9.555, 8]},
			"faces": {
				"north": {"uv": [5, 7, 5.25, 7.25], "texture": "#1"},
				"east": {"uv": [7, 5, 7.25, 5.25], "texture": "#1"},
				"south": {"uv": [5.5, 7, 5.75, 7.25], "texture": "#1"},
				"west": {"uv": [7, 5.5, 7.25, 5.75], "texture": "#1"},
				"up": {"uv": [6.25, 7.25, 6, 7], "texture": "#1"},
				"down": {"uv": [7.25, 6, 7, 6.25], "texture": "#1"}
			}
		},
		{
			"from": [7.265, 20.29, 8.8775],
			"to": [7.755, 20.78, 9.3725],
			"rotation": {"angle": 0, "axis": "z", "origin": [8, 9.555, 8]},
			"faces": {
				"north": {"uv": [6.5, 7, 6.75, 7.25], "texture": "#1"},
				"east": {"uv": [7, 6.5, 7.25, 6.75], "texture": "#1"},
				"south": {"uv": [7, 7, 7.25, 7.25], "texture": "#1"},
				"west": {"uv": [0, 7.5, 0.25, 7.75], "texture": "#1"},
				"up": {"uv": [7.75, 0.25, 7.5, 0], "texture": "#1"},
				"down": {"uv": [0.75, 7.5, 0.5, 7.75], "texture": "#1"}
			}
		},
		{
			"from": [8.245, 20.78, 8.8775],
			"to": [8.735, 21.27, 9.3725],
			"rotation": {"angle": 0, "axis": "z", "origin": [8, 9.555, 8]},
			"faces": {
				"north": {"uv": [7.5, 0.5, 7.75, 0.75], "texture": "#1"},
				"east": {"uv": [1, 7.5, 1.25, 7.75], "texture": "#1"},
				"south": {"uv": [7.5, 1, 7.75, 1.25], "texture": "#1"},
				"west": {"uv": [1.5, 7.5, 1.75, 7.75], "texture": "#1"},
				"up": {"uv": [7.75, 1.75, 7.5, 1.5], "texture": "#1"},
				"down": {"uv": [2.25, 7.5, 2, 7.75], "texture": "#1"}
			}
		},
		{
			"from": [8.735, 20.78, 8.8775],
			"to": [9.225, 21.27, 9.3725],
			"rotation": {"angle": 0, "axis": "z", "origin": [8, 9.555, 8]},
			"faces": {
				"north": {"uv": [7.5, 2, 7.75, 2.25], "texture": "#1"},
				"east": {"uv": [2.5, 7.5, 2.75, 7.75], "texture": "#1"},
				"south": {"uv": [7.5, 2.5, 7.75, 2.75], "texture": "#1"},
				"west": {"uv": [3, 7.5, 3.25, 7.75], "texture": "#1"},
				"up": {"uv": [7.75, 3.25, 7.5, 3], "texture": "#1"},
				"down": {"uv": [3.75, 7.5, 3.5, 7.75], "texture": "#1"}
			}
		},
		{
			"from": [8.245, 20.29, 8.8775],
			"to": [8.735, 20.78, 9.3725],
			"rotation": {"angle": 0, "axis": "z", "origin": [8, 9.555, 8]},
			"faces": {
				"north": {"uv": [7.5, 3.5, 7.75, 3.75], "texture": "#1"},
				"east": {"uv": [4, 7.5, 4.25, 7.75], "texture": "#1"},
				"south": {"uv": [7.5, 4, 7.75, 4.25], "texture": "#1"},
				"west": {"uv": [4.5, 7.5, 4.75, 7.75], "texture": "#1"},
				"up": {"uv": [7.75, 4.75, 7.5, 4.5], "texture": "#1"},
				"down": {"uv": [5.25, 7.5, 5, 7.75], "texture": "#1"}
			}
		},
		{
			"from": [6.775, 20.78, 8.8775],
			"to": [7.265, 21.27, 9.3725],
			"rotation": {"angle": 0, "axis": "z", "origin": [8, 9.555, 8]},
			"faces": {
				"north": {"uv": [7.5, 5, 7.75, 5.25], "texture": "#1"},
				"east": {"uv": [5.5, 7.5, 5.75, 7.75], "texture": "#1"},
				"south": {"uv": [7.5, 5.5, 7.75, 5.75], "texture": "#1"},
				"west": {"uv": [6, 7.5, 6.25, 7.75], "texture": "#1"},
				"up": {"uv": [7.75, 6.25, 7.5, 6], "texture": "#1"},
				"down": {"uv": [6.75, 7.5, 6.5, 7.75], "texture": "#1"}
			}
		},
		{
			"from": [7.265, 20.78, 8.8775],
			"to": [7.755, 21.27, 9.3725],
			"rotation": {"angle": 0, "axis": "z", "origin": [8, 9.555, 8]},
			"faces": {
				"north": {"uv": [7.5, 6.5, 7.75, 6.75], "texture": "#1"},
				"east": {"uv": [7, 7.5, 7.25, 7.75], "texture": "#1"},
				"south": {"uv": [7.5, 7, 7.75, 7.25], "texture": "#1"},
				"west": {"uv": [7.5, 7.5, 7.75, 7.75], "texture": "#1"},
				"up": {"uv": [0.25, 8.25, 0, 8], "texture": "#1"},
				"down": {"uv": [8.25, 0, 8, 0.25], "texture": "#1"}
			}
		},
		{
			"from": [6.775, 21.76, 8.8775],
			"to": [7.265, 22.25, 9.3725],
			"rotation": {"angle": 0, "axis": "z", "origin": [8, 9.555, 8]},
			"faces": {
				"north": {"uv": [0.5, 8, 0.75, 8.25], "texture": "#1"},
				"east": {"uv": [8, 0.5, 8.25, 0.75], "texture": "#1"},
				"south": {"uv": [1, 8, 1.25, 8.25], "texture": "#1"},
				"west": {"uv": [8, 1, 8.25, 1.25], "texture": "#1"},
				"up": {"uv": [1.75, 8.25, 1.5, 8], "texture": "#1"},
				"down": {"uv": [8.25, 1.5, 8, 1.75], "texture": "#1"}
			}
		},
		{
			"from": [7.265, 21.76, 8.8775],
			"to": [7.755, 22.25, 9.3725],
			"rotation": {"angle": 0, "axis": "z", "origin": [8, 9.555, 8]},
			"faces": {
				"north": {"uv": [2, 8, 2.25, 8.25], "texture": "#1"},
				"east": {"uv": [8, 2, 8.25, 2.25], "texture": "#1"},
				"south": {"uv": [2.5, 8, 2.75, 8.25], "texture": "#1"},
				"west": {"uv": [8, 2.5, 8.25, 2.75], "texture": "#1"},
				"up": {"uv": [3.25, 8.25, 3, 8], "texture": "#1"},
				"down": {"uv": [8.25, 3, 8, 3.25], "texture": "#1"}
			}
		},
		{
			"from": [7.265, 22.25, 8.8775],
			"to": [7.755, 22.74, 9.3725],
			"rotation": {"angle": 0, "axis": "z", "origin": [8, 9.555, 8]},
			"faces": {
				"north": {"uv": [3.5, 8, 3.75, 8.25], "texture": "#1"},
				"east": {"uv": [8, 3.5, 8.25, 3.75], "texture": "#1"},
				"south": {"uv": [4, 8, 4.25, 8.25], "texture": "#1"},
				"west": {"uv": [8, 4, 8.25, 4.25], "texture": "#1"},
				"up": {"uv": [4.75, 8.25, 4.5, 8], "texture": "#1"},
				"down": {"uv": [8.25, 4.5, 8, 4.75], "texture": "#1"}
			}
		},
		{
			"from": [8.735, 21.76, 8.8775],
			"to": [9.225, 22.25, 9.3725],
			"rotation": {"angle": 0, "axis": "z", "origin": [8, 9.555, 8]},
			"faces": {
				"north": {"uv": [5, 8, 5.25, 8.25], "texture": "#1"},
				"east": {"uv": [8, 5, 8.25, 5.25], "texture": "#1"},
				"south": {"uv": [5.5, 8, 5.75, 8.25], "texture": "#1"},
				"west": {"uv": [8, 5.5, 8.25, 5.75], "texture": "#1"},
				"up": {"uv": [6.25, 8.25, 6, 8], "texture": "#1"},
				"down": {"uv": [8.25, 6, 8, 6.25], "texture": "#1"}
			}
		},
		{
			"from": [8.245, 21.76, 8.8775],
			"to": [8.735, 22.25, 9.3725],
			"rotation": {"angle": 0, "axis": "z", "origin": [8, 9.555, 8]},
			"faces": {
				"north": {"uv": [6.5, 8, 6.75, 8.25], "texture": "#1"},
				"east": {"uv": [8, 6.5, 8.25, 6.75], "texture": "#1"},
				"south": {"uv": [7, 8, 7.25, 8.25], "texture": "#1"},
				"west": {"uv": [8, 7, 8.25, 7.25], "texture": "#1"},
				"up": {"uv": [7.75, 8.25, 7.5, 8], "texture": "#1"},
				"down": {"uv": [8.25, 7.5, 8, 7.75], "texture": "#1"}
			}
		},
		{
			"from": [8.245, 22.25, 8.8775],
			"to": [8.735, 22.74, 9.3725],
			"rotation": {"angle": 0, "axis": "z", "origin": [8, 9.555, 8]},
			"faces": {
				"north": {"uv": [8, 8, 8.25, 8.25], "texture": "#1"},
				"east": {"uv": [0, 8.5, 0.25, 8.75], "texture": "#1"},
				"south": {"uv": [8.5, 0, 8.75, 0.25], "texture": "#1"},
				"west": {"uv": [0.5, 8.5, 0.75, 8.75], "texture": "#1"},
				"up": {"uv": [8.75, 0.75, 8.5, 0.5], "texture": "#1"},
				"down": {"uv": [1.25, 8.5, 1, 8.75], "texture": "#1"}
			}
		},
		{
			"from": [7.755, 21.27, 8.8775],
			"to": [8.245, 21.76, 9.3725],
			"rotation": {"angle": 0, "axis": "z", "origin": [8, 9.555, 8]},
			"faces": {
				"north": {"uv": [8.5, 1, 8.75, 1.25], "texture": "#1"},
				"east": {"uv": [1.5, 8.5, 1.75, 8.75], "texture": "#1"},
				"south": {"uv": [8.5, 1.5, 8.75, 1.75], "texture": "#1"},
				"west": {"uv": [2, 8.5, 2.25, 8.75], "texture": "#1"},
				"up": {"uv": [8.75, 2.25, 8.5, 2], "texture": "#1"},
				"down": {"uv": [2.75, 8.5, 2.5, 8.75], "texture": "#1"}
			}
		}
	],
	"display": {
		"thirdperson_righthand": {
			"rotation": [39.5, 89, 134],
			"translation": [0, 11.75, 0],
			"scale": [0.83984, 0.83984, 0.83984]
		},
		"thirdperson_lefthand": {
			"rotation": [39.5, 89, 134],
			"translation": [0, 11.75, 0],
			"scale": [0.83984, 0.83984, 0.83984]
		},
		"firstperson_righthand": {
			"rotation": [-100.38, -78.21, 174.77],
			"translation": [2.25, 0.25, -17.5]
		},
		"firstperson_lefthand": {
			"rotation": [-100.38, -78.21, 174.77],
			"translation": [2.25, 0.25, -17.5]
		},
		"ground": {
			"rotation": [-82.45, 8.13, -26.94],
			"translation": [0, 0, 1.5],
			"scale": [0.97266, 0.97266, 0.97266]
		},
		"gui": {
			"rotation": [168.54, 3.4, 166.74],
			"translation": [0, -2.25, 0],
			"scale": [0.50781, 0.50781, 0.50781]
		},
		"head": {
			"translation": [0, 16.5, 0]
		},
		"fixed": {
			"translation": [0, -19.5, -1.75],
			"scale": [4, 4, 4]
		}
	},
	"groups": [
		0,
		1,
		2,
		3,
		4,
		5,
		6,
		7,
		8,
		9,
		10,
		11,
		12,
		13,
		14,
		15,
		16,
		17,
		18,
		19,
		20,
		21,
		22,
		23,
		24,
		25,
		26,
		{
			"name": "group",
			"origin": [7.265, 0, 8],
			"color": 0,
			"children": [27, 28, 29, 30, 31, 32, 33, 34, 35, 36, 37, 38, 39]
		},
		{
			"name": "group",
			"origin": [7.265, 0, 8],
			"color": 0,
			"children": [40, 41, 42, 43, 44, 45, 46, 47, 48, 49, 50, 51, 52]
		}
	]
}