{
	"credit": "Made with Blockbench",
	"texture_size": [32, 32],
	"textures": {
		"0": "item/mushroomhat1",
		"1": "item/mushroomhat2",
		"particle": "item/mushroomhat1"
	},
	"elements": [
		{
			"from": [4, 5.8125, 11],
			"to": [12, 6.3125, 12],
			"rotation": {"angle": 0, "axis": "y", "origin": [7, 2.8125, 7]},
			"faces": {
				"north": {"uv": [3, 5, 7, 5.25], "texture": "#1"},
				"east": {"uv": [3, 6.5, 3.5, 6.75], "texture": "#1"},
				"south": {"uv": [5, 3, 9, 3.25], "texture": "#1"},
				"west": {"uv": [3.5, 6.5, 4, 6.75], "texture": "#1"},
				"up": {"uv": [7, 1.5, 3, 1], "texture": "#1"},
				"down": {"uv": [7, 1.5, 3, 2], "texture": "#1"}
			}
		},
		{
			"from": [4, 5.8125, 4],
			"to": [12, 6.3125, 5],
			"rotation": {"angle": 0, "axis": "y", "origin": [7, 2.8125, 7]},
			"faces": {
				"north": {"uv": [5, 2, 9, 2.25], "texture": "#1"},
				"east": {"uv": [1, 6.5, 1.5, 6.75], "texture": "#1"},
				"south": {"uv": [5, 2.5, 9, 2.75], "texture": "#1"},
				"west": {"uv": [1.5, 6.5, 2, 6.75], "texture": "#1"},
				"up": {"uv": [7, 0.5, 3, 0], "texture": "#1"},
				"down": {"uv": [7, 0.5, 3, 1], "texture": "#1"}
			}
		},
		{
			"from": [11, 5.8125, 5],
			"to": [12, 6.3125, 11],
			"rotation": {"angle": 0, "axis": "y", "origin": [7, 2.8125, 7]},
			"faces": {
				"north": {"uv": [0, 6.5, 0.5, 6.75], "texture": "#1"},
				"east": {"uv": [5, 3.5, 8, 3.75], "texture": "#1"},
				"south": {"uv": [0.5, 6.5, 1, 6.75], "texture": "#1"},
				"west": {"uv": [5, 4, 8, 4.25], "texture": "#1"},
				"up": {"uv": [3.5, 5, 3, 2], "texture": "#1"},
				"down": {"uv": [4, 2, 3.5, 5], "texture": "#1"}
			}
		},
		{
			"from": [4, 5.8125, 5],
			"to": [5, 6.3125, 11],
			"rotation": {"angle": 0, "axis": "y", "origin": [7, 2.8125, 7]},
			"faces": {
				"north": {"uv": [2, 6.5, 2.5, 6.75], "texture": "#1"},
				"east": {"uv": [6, 5.5, 9, 5.75], "texture": "#1"},
				"south": {"uv": [2.5, 6.5, 3, 6.75], "texture": "#1"},
				"west": {"uv": [6, 6, 9, 6.25], "texture": "#1"},
				"up": {"uv": [4.5, 5, 4, 2], "texture": "#1"},
				"down": {"uv": [5, 2, 4.5, 5], "texture": "#1"}
			}
		},
		{
			"from": [5, 6.0625, 5],
			"to": [11, 6.3125, 11],
			"rotation": {"angle": 0, "axis": "y", "origin": [7, 2.8125, 7]},
			"faces": {
				"north": {"uv": [5, 4.5, 8, 4.75], "texture": "#1"},
				"east": {"uv": [3, 5.5, 6, 5.75], "texture": "#1"},
				"south": {"uv": [0, 6, 3, 6.25], "texture": "#1"},
				"west": {"uv": [3, 6, 6, 6.25], "texture": "#1"},
				"up": {"uv": [3, 3, 0, 0], "texture": "#1"},
				"down": {"uv": [3, 3, 0, 6], "texture": "#1"}
			}
		},
		{
			"from": [3.75, 6.3125, 3.75],
			"to": [12.25, 8.3125, 12.25],
			"rotation": {"angle": 0, "axis": "y", "origin": [7, 2.8125, 7]},
			"faces": {
				"north": {"uv": [8, 0, 12.25, 1], "texture": "#0"},
				"east": {"uv": [8, 1, 12.25, 2], "texture": "#0"},
				"south": {"uv": [8, 2, 12.25, 3], "texture": "#0"},
				"west": {"uv": [8, 3, 12.25, 4], "texture": "#0"},
				"up": {"uv": [4.25, 4.25, 0, 0], "texture": "#0"},
				"down": {"uv": [4.25, 4.5, 0, 8.75], "texture": "#0"}
			}
		},
		{
			"from": [4.75, 8.3125, 4.75],
			"to": [11.25, 9.5625, 11.25],
			"rotation": {"angle": 0, "axis": "y", "origin": [7, 2.8125, 7]},
			"faces": {
				"north": {"uv": [8, 4, 11.25, 4.75], "texture": "#0"},
				"east": {"uv": [8, 5, 11.25, 5.75], "texture": "#0"},
				"south": {"uv": [8, 6, 11.25, 6.75], "texture": "#0"},
				"west": {"uv": [0, 9, 3.25, 9.75], "texture": "#0"},
				"up": {"uv": [7.75, 3.25, 4.5, 0], "texture": "#0"},
				"down": {"uv": [7.75, 3.5, 4.5, 6.75], "texture": "#0"}
			}
		},
		{
			"from": [5.75, 9.5625, 5.75],
			"to": [10.25, 10.3125, 10.25],
			"rotation": {"angle": 0, "axis": "y", "origin": [7, 2.8125, 7]},
			"faces": {
				"north": {"uv": [3.5, 9.5, 5.75, 10], "texture": "#0"},
				"east": {"uv": [6, 9.5, 8.25, 10], "texture": "#0"},
				"south": {"uv": [9.5, 7, 11.75, 7.5], "texture": "#0"},
				"west": {"uv": [9.5, 7.5, 11.75, 8], "texture": "#0"},
				"up": {"uv": [6.75, 9.25, 4.5, 7], "texture": "#0"},
				"down": {"uv": [9.25, 7, 7, 9.25], "texture": "#0"}
			}
		}
	],
	"display": {
		"thirdperson_righthand": {
			"scale": [0.26758, 0.26758, 0.26758]
		},
		"thirdperson_lefthand": {
			"scale": [0.26758, 0.26758, 0.26758]
		},
		"ground": {
			"translation": [0, -1, 0]
		},
		"gui": {
			"rotation": [21.75, 47, 0],
			"scale": [1.22656, 1.22656, 1.22656]
		},
		"head": {
			"translation": [0, 5.75, 0],
			"scale": [2.67383, 2.67383, 2.67383]
		},
		"fixed": {
			"rotation": [-90, 0, 0],
			"translation": [0, 0, -6.25],
			"scale": [2.86328, 2.86328, 2.86328]
		}
	}
}