{
	"credit": "Made with Blockbench",
	"textures": {
		"3": "item/mystery1",
		"4": "item/mystery2",
		"5": "item/mystery3",
		"6": "item/mystery4",
		"7": "item/mystery5",
		"particle": "item/mystery5"
	},
	"elements": [
		{
			"from": [1.03717, 8.40608, 14.4],
			"to": [14.23717, 8.60608, 14.6],
			"rotation": {"angle": 22.5, "axis": "z", "origin": [8.13717, 9.60608, 12.5]},
			"faces": {
				"north": {"uv": [2, 6, 8.5, 6.5], "texture": "#5"},
				"east": {"uv": [8.5, 3, 9, 3.5], "texture": "#5"},
				"south": {"uv": [2, 6.5, 8.5, 7], "texture": "#5"},
				"west": {"uv": [8.5, 3.5, 9, 4], "texture": "#5"},
				"up": {"uv": [8.5, 7.5, 2, 7], "texture": "#5"},
				"down": {"uv": [14, 0, 7.5, 0.5], "texture": "#5"}
			}
		},
		{
			"from": [0.03717, 8.40608, 15.4],
			"to": [15.23717, 8.60608, 15.6],
			"rotation": {"angle": -22.5, "axis": "z", "origin": [8.13717, 9.60608, 12.5]},
			"faces": {
				"north": {"uv": [0, 0, 7.5, 0.5], "texture": "#5"},
				"east": {"uv": [8.5, 4, 9, 4.5], "texture": "#5"},
				"south": {"uv": [0, 0.5, 7.5, 1], "texture": "#5"},
				"west": {"uv": [8.5, 4.5, 9, 5], "texture": "#5"},
				"up": {"uv": [7.5, 1.5, 0, 1], "texture": "#5"},
				"down": {"uv": [7.5, 1.5, 0, 2], "texture": "#5"}
			}
		},
		{
			"from": [0.03717, 8.40608, 0.4],
			"to": [0.23717, 8.60608, 15.6],
			"rotation": {"angle": -22.5, "axis": "z", "origin": [8.13717, 9.60608, 12.5]},
			"faces": {
				"north": {"uv": [8.5, 5, 9, 5.5], "texture": "#5"},
				"east": {"uv": [0, 2, 7.5, 2.5], "texture": "#5"},
				"south": {"uv": [8.5, 5.5, 9, 6], "texture": "#5"},
				"west": {"uv": [0, 2.5, 7.5, 3], "texture": "#5"},
				"up": {"uv": [0.5, 10.5, 0, 3], "texture": "#5"},
				"down": {"uv": [1, 3, 0.5, 10.5], "texture": "#5"}
			}
		},
		{
			"from": [1.03717, 8.40608, 1.4],
			"to": [1.23717, 8.60608, 14.6],
			"rotation": {"angle": 22.5, "axis": "z", "origin": [8.13717, 9.60608, 12.5]},
			"faces": {
				"north": {"uv": [8.5, 6, 9, 6.5], "texture": "#5"},
				"east": {"uv": [7.5, 0.5, 14, 1], "texture": "#5"},
				"south": {"uv": [8.5, 6.5, 9, 7], "texture": "#5"},
				"west": {"uv": [7.5, 1, 14, 1.5], "texture": "#5"},
				"up": {"uv": [2.5, 14, 2, 7.5], "texture": "#5"},
				"down": {"uv": [3, 7.5, 2.5, 14], "texture": "#5"}
			}
		},
		{
			"from": [0.03717, 8.40608, 0.4],
			"to": [15.13717, 8.60608, 0.6],
			"rotation": {"angle": -22.5, "axis": "z", "origin": [8.13717, 9.60608, 11.5]},
			"faces": {
				"north": {"uv": [1, 3, 8.5, 3.5], "texture": "#5"},
				"east": {"uv": [8.5, 7, 9, 7.5], "texture": "#5"},
				"south": {"uv": [1, 3.5, 8.5, 4], "texture": "#5"},
				"west": {"uv": [9, 3, 9.5, 3.5], "texture": "#5"},
				"up": {"uv": [8.5, 4.5, 1, 4], "texture": "#5"},
				"down": {"uv": [8.5, 4.5, 1, 5], "texture": "#5"}
			}
		},
		{
			"from": [1.03717, 8.40608, 1.4],
			"to": [14.23717, 8.60608, 1.6],
			"rotation": {"angle": 22.5, "axis": "z", "origin": [8.13717, 9.60608, 11.5]},
			"faces": {
				"north": {"uv": [7.5, 1.5, 14, 2], "texture": "#5"},
				"east": {"uv": [9, 3.5, 9.5, 4], "texture": "#5"},
				"south": {"uv": [7.5, 2, 14, 2.5], "texture": "#5"},
				"west": {"uv": [4, 9, 4.5, 9.5], "texture": "#5"},
				"up": {"uv": [14, 3, 7.5, 2.5], "texture": "#5"},
				"down": {"uv": [9.5, 7.5, 3, 8], "texture": "#5"}
			}
		},
		{
			"from": [14.03717, 8.40608, 1.4],
			"to": [14.23717, 8.60608, 14.6],
			"rotation": {"angle": 22.5, "axis": "z", "origin": [8.13717, 9.60608, 12.5]},
			"faces": {
				"north": {"uv": [9, 4, 9.5, 4.5], "texture": "#5"},
				"east": {"uv": [3, 8, 9.5, 8.5], "texture": "#5"},
				"south": {"uv": [4.5, 9, 5, 9.5], "texture": "#5"},
				"west": {"uv": [3, 8.5, 9.5, 9], "texture": "#5"},
				"up": {"uv": [3.5, 15.5, 3, 9], "texture": "#5"},
				"down": {"uv": [4, 9, 3.5, 15.5], "texture": "#5"}
			}
		},
		{
			"from": [15.03717, 8.40608, 0.4],
			"to": [15.23717, 8.60608, 15.6],
			"rotation": {"angle": -22.5, "axis": "z", "origin": [8.13717, 9.60608, 12.5]},
			"faces": {
				"north": {"uv": [9, 4.5, 9.5, 5], "texture": "#5"},
				"east": {"uv": [1, 5, 8.5, 5.5], "texture": "#5"},
				"south": {"uv": [5, 9, 5.5, 9.5], "texture": "#5"},
				"west": {"uv": [1, 5.5, 8.5, 6], "texture": "#5"},
				"up": {"uv": [1.5, 13.5, 1, 6], "texture": "#5"},
				"down": {"uv": [2, 6, 1.5, 13.5], "texture": "#5"}
			}
		},
		{
			"from": [3.5, 13.5, 11.5],
			"to": [9.5, 14.5, 12.5],
			"rotation": {"angle": 45, "axis": "x", "origin": [7, 14, 12]},
			"faces": {
				"north": {"uv": [0, 0, 6, 1], "texture": "#6"},
				"east": {"uv": [2, 8, 3, 9], "texture": "#6"},
				"south": {"uv": [0, 1, 6, 2], "texture": "#6"},
				"west": {"uv": [3, 8, 4, 9], "texture": "#6"},
				"up": {"uv": [6, 3, 0, 2], "texture": "#6"},
				"down": {"uv": [6, 3, 0, 4], "texture": "#6"}
			}
		},
		{
			"from": [3.5, 13.5, 6.5],
			"to": [4.5, 14.5, 12.5],
			"rotation": {"angle": -45, "axis": "z", "origin": [4, 14, 8.5]},
			"faces": {
				"north": {"uv": [4, 8, 5, 9], "texture": "#6"},
				"east": {"uv": [0, 4, 6, 5], "texture": "#6"},
				"south": {"uv": [8, 4, 9, 5], "texture": "#6"},
				"west": {"uv": [0, 5, 6, 6], "texture": "#6"},
				"up": {"uv": [1, 12, 0, 6], "texture": "#6"},
				"down": {"uv": [7, 0, 6, 6], "texture": "#6"}
			}
		},
		{
			"from": [3.5, 13.9, 3.5],
			"to": [4.5, 14.9, 4.5],
			"rotation": {"angle": 45, "axis": "x", "origin": [4, 14.4, 4]},
			"faces": {
				"north": {"uv": [5, 8, 6, 9], "texture": "#6"},
				"east": {"uv": [8, 5, 9, 6], "texture": "#6"},
				"south": {"uv": [6, 8, 7, 9], "texture": "#6"},
				"west": {"uv": [8, 6, 9, 7], "texture": "#6"},
				"up": {"uv": [9, 8, 8, 7], "texture": "#6"},
				"down": {"uv": [9, 8, 8, 9], "texture": "#6"}
			}
		},
		{
			"from": [3.5, 13.9, 3.5],
			"to": [4.5, 14.9, 4.5],
			"rotation": {"angle": -45, "axis": "z", "origin": [4, 14.4, 4]},
			"faces": {
				"north": {"uv": [2, 9, 3, 10], "texture": "#6"},
				"east": {"uv": [3, 9, 4, 10], "texture": "#6"},
				"south": {"uv": [4, 9, 5, 10], "texture": "#6"},
				"west": {"uv": [9, 4, 10, 5], "texture": "#6"},
				"up": {"uv": [6, 10, 5, 9], "texture": "#6"},
				"down": {"uv": [10, 5, 9, 6], "texture": "#6"}
			}
		},
		{
			"from": [6.5, 13.5, 3.5],
			"to": [12.5, 14.5, 4.5],
			"rotation": {"angle": -45, "axis": "x", "origin": [9, 14, 4]},
			"faces": {
				"north": {"uv": [1, 6, 7, 7], "texture": "#6"},
				"east": {"uv": [6, 9, 7, 10], "texture": "#6"},
				"south": {"uv": [7, 0, 13, 1], "texture": "#6"},
				"west": {"uv": [9, 6, 10, 7], "texture": "#6"},
				"up": {"uv": [7, 8, 1, 7], "texture": "#6"},
				"down": {"uv": [13, 1, 7, 2], "texture": "#6"}
			}
		},
		{
			"from": [11.5, 13.5, 3.5],
			"to": [12.5, 14.5, 9.5],
			"rotation": {"angle": -45, "axis": "z", "origin": [12, 14, 7.5]},
			"faces": {
				"north": {"uv": [9, 7, 10, 8], "texture": "#6"},
				"east": {"uv": [7, 2, 13, 3], "texture": "#6"},
				"south": {"uv": [8, 9, 9, 10], "texture": "#6"},
				"west": {"uv": [7, 3, 13, 4], "texture": "#6"},
				"up": {"uv": [8, 10, 7, 4], "texture": "#6"},
				"down": {"uv": [2, 8, 1, 14], "texture": "#6"}
			}
		},
		{
			"from": [11.5, 13.9, 11.5],
			"to": [12.5, 14.9, 12.5],
			"rotation": {"angle": -45, "axis": "z", "origin": [12, 14.4, 12]},
			"faces": {
				"north": {"uv": [9, 8, 10, 9], "texture": "#6"},
				"east": {"uv": [9, 9, 10, 10], "texture": "#6"},
				"south": {"uv": [2, 10, 3, 11], "texture": "#6"},
				"west": {"uv": [3, 10, 4, 11], "texture": "#6"},
				"up": {"uv": [5, 11, 4, 10], "texture": "#6"},
				"down": {"uv": [11, 4, 10, 5], "texture": "#6"}
			}
		},
		{
			"from": [11.5, 13.9, 11.5],
			"to": [12.5, 14.9, 12.5],
			"rotation": {"angle": 45, "axis": "x", "origin": [12, 14.4, 12]},
			"faces": {
				"north": {"uv": [5, 10, 6, 11], "texture": "#6"},
				"east": {"uv": [10, 5, 11, 6], "texture": "#6"},
				"south": {"uv": [6, 10, 7, 11], "texture": "#6"},
				"west": {"uv": [10, 6, 11, 7], "texture": "#6"},
				"up": {"uv": [8, 11, 7, 10], "texture": "#6"},
				"down": {"uv": [11, 7, 10, 8], "texture": "#6"}
			}
		},
		{
			"from": [4, 5.8, 12],
			"to": [12, 8.2, 13],
			"rotation": {"angle": 0, "axis": "y", "origin": [0, 0.5, 0]},
			"faces": {
				"north": {"uv": [0, 9.5, 9.375, 12.5], "texture": "#3"},
				"east": {"uv": [10.125, 13, 16, 16], "texture": "#3"},
				"south": {"uv": [0, 13, 9.375, 16], "texture": "#3"},
				"west": {"uv": [0, 6, 5.875, 9], "texture": "#3"},
				"up": {"uv": [9.375, 5.5, 0, 3], "texture": "#3"},
				"down": {"uv": [8.875, 0, 0, 3], "rotation": 180, "texture": "#3"}
			}
		},
		{
			"from": [12, 5.8, 3],
			"to": [13, 8.2, 13],
			"rotation": {"angle": 0, "axis": "y", "origin": [0, 0.5, 0]},
			"faces": {
				"north": {"uv": [7, 7, 7.5, 8.25], "texture": "#4"},
				"east": {"uv": [0, 0, 5, 1.25], "texture": "#4"},
				"south": {"uv": [7.5, 7, 8, 8.25], "texture": "#4"},
				"west": {"uv": [0, 1.5, 5, 2.75], "texture": "#4"},
				"up": {"uv": [5.5, 8, 5, 3], "texture": "#4"},
				"down": {"uv": [6, 3, 5.5, 8], "texture": "#4"}
			}
		},
		{
			"from": [3, 5.8, 3],
			"to": [4, 8.2, 13],
			"rotation": {"angle": 0, "axis": "y", "origin": [0, 0.5, 0]},
			"faces": {
				"north": {"uv": [8, 3.5, 8.5, 4.75], "texture": "#4"},
				"east": {"uv": [0, 3, 5, 4.25], "texture": "#4"},
				"south": {"uv": [5, 8, 5.5, 9.25], "texture": "#4"},
				"west": {"uv": [0, 4.5, 5, 5.75], "texture": "#4"},
				"up": {"uv": [0.5, 11, 0, 6], "texture": "#4"},
				"down": {"uv": [1, 6, 0.5, 11], "texture": "#4"}
			}
		},
		{
			"from": [4, 5.8, 3],
			"to": [12, 8.2, 4],
			"rotation": {"angle": 0, "axis": "y", "origin": [0, 0.5, 0]},
			"faces": {
				"north": {"uv": [5, 0, 9, 1.25], "texture": "#4"},
				"east": {"uv": [8, 5, 8.5, 6.25], "texture": "#4"},
				"south": {"uv": [5, 1.5, 9, 2.75], "texture": "#4"},
				"west": {"uv": [5.5, 8, 6, 9.25], "texture": "#4"},
				"up": {"uv": [5, 6.5, 1, 6], "texture": "#4"},
				"down": {"uv": [10, 3, 6, 3.5], "texture": "#4"}
			}
		},
		{
			"from": [7, 4.8, 2.6],
			"to": [9, 7.2, 4],
			"rotation": {"angle": 0, "axis": "y", "origin": [0, 0.5, 0]},
			"faces": {
				"north": {"uv": [6, 3.5, 7, 4.75], "texture": "#4"},
				"east": {"uv": [6, 6.5, 6.75, 7.75], "texture": "#4"},
				"south": {"uv": [6, 5, 7, 6.25], "texture": "#4"},
				"west": {"uv": [7, 3.5, 7.75, 4.75], "texture": "#4"},
				"up": {"uv": [8, 5.75, 7, 5], "texture": "#4"},
				"down": {"uv": [8, 6, 7, 6.75], "texture": "#4"}
			}
		},
		{
			"from": [8.5, 4.4, 2.85],
			"to": [9.5, 5.8, 3.65],
			"rotation": {"angle": 22.5, "axis": "z", "origin": [9, 4.5, 3.25]},
			"faces": {
				"north": {"uv": [6, 8, 6.5, 8.75], "texture": "#4"},
				"east": {"uv": [6.5, 8, 7, 8.75], "texture": "#4"},
				"south": {"uv": [8, 6.5, 8.5, 7.25], "texture": "#4"},
				"west": {"uv": [8, 7.5, 8.5, 8.25], "texture": "#4"},
				"up": {"uv": [7.5, 9, 7, 8.5], "texture": "#4"},
				"down": {"uv": [8, 8.5, 7.5, 9], "texture": "#4"}
			}
		},
		{
			"from": [8.5, -0.2, 2.85],
			"to": [9.5, 4.6, 3.65],
			"rotation": {"angle": 0, "axis": "y", "origin": [0, 0.5, 0]},
			"faces": {
				"north": {"uv": [1, 6.5, 1.5, 9], "texture": "#4"},
				"east": {"uv": [1.5, 6.5, 2, 9], "texture": "#4"},
				"south": {"uv": [2, 6.5, 2.5, 9], "texture": "#4"},
				"west": {"uv": [2.5, 6.5, 3, 9], "texture": "#4"},
				"up": {"uv": [9, 8, 8.5, 7.5], "texture": "#4"},
				"down": {"uv": [8.5, 8.5, 8, 9], "texture": "#4"}
			}
		},
		{
			"from": [6.5, 4.4, 2.85],
			"to": [7.5, 5.8, 3.65],
			"rotation": {"angle": -22.5, "axis": "z", "origin": [7, 4.5, 3.25]},
			"faces": {
				"north": {"uv": [8.5, 3.5, 9, 4.25], "texture": "#4"},
				"east": {"uv": [8.5, 4.5, 9, 5.25], "texture": "#4"},
				"south": {"uv": [8.5, 5.5, 9, 6.25], "texture": "#4"},
				"west": {"uv": [8.5, 6.5, 9, 7.25], "texture": "#4"},
				"up": {"uv": [9, 8.5, 8.5, 8], "texture": "#4"},
				"down": {"uv": [9, 8.5, 8.5, 9], "texture": "#4"}
			}
		},
		{
			"from": [6.5, -0.2, 2.85],
			"to": [7.5, 4.6, 3.65],
			"rotation": {"angle": 0, "axis": "y", "origin": [0, 0.5, 0]},
			"faces": {
				"north": {"uv": [3, 6.5, 3.5, 9], "texture": "#4"},
				"east": {"uv": [3.5, 6.5, 4, 9], "texture": "#4"},
				"south": {"uv": [4, 6.5, 4.5, 9], "texture": "#4"},
				"west": {"uv": [4.5, 6.5, 5, 9], "texture": "#4"},
				"up": {"uv": [9.5, 0.5, 9, 0], "texture": "#4"},
				"down": {"uv": [9.5, 0.5, 9, 1], "texture": "#4"}
			}
		},
		{
			"from": [11, 7, 9],
			"to": [14.6, 9, 11],
			"rotation": {"angle": -22.5, "axis": "z", "origin": [13, 8, 10]},
			"faces": {
				"north": {"uv": [3.5, 2, 0, 4], "texture": "#7"},
				"east": {"uv": [12, 8, 14, 10], "texture": "#7"},
				"south": {"uv": [0, 2, 3.5, 4], "texture": "#7"},
				"west": {"uv": [12, 10, 14, 12], "texture": "#7"},
				"up": {"uv": [3.5, 6, 0, 4], "texture": "#7"},
				"down": {"uv": [7.5, 0, 4, 2], "texture": "#7"}
			}
		},
		{
			"from": [13, 6.4, 9],
			"to": [15, 10, 11],
			"rotation": {"angle": 0, "axis": "y", "origin": [13, 8, 10]},
			"faces": {
				"north": {"uv": [4, 6, 2, 9.5], "texture": "#7"},
				"east": {"uv": [0, 6, 2, 9.5], "texture": "#7"},
				"south": {"uv": [2, 6, 4, 9.5], "texture": "#7"},
				"west": {"uv": [6, 2, 8, 5.5], "texture": "#7"},
				"up": {"uv": [14, 14, 12, 12], "texture": "#7"},
				"down": {"uv": [16, 0, 14, 2], "texture": "#7"}
			}
		},
		{
			"from": [13.6, 5.5, 9],
			"to": [15.6, 9.1, 11],
			"rotation": {"angle": 22.5, "axis": "z", "origin": [13, 8, 10]},
			"faces": {
				"north": {"uv": [10, 0, 8, 3.5], "texture": "#7"},
				"east": {"uv": [6, 6, 8, 9.5], "texture": "#7"},
				"south": {"uv": [8, 0, 10, 3.5], "texture": "#7"},
				"west": {"uv": [8, 4, 10, 7.5], "texture": "#7"},
				"up": {"uv": [16, 4, 14, 2], "texture": "#7"},
				"down": {"uv": [6, 14, 4, 16], "texture": "#7"}
			}
		},
		{
			"from": [1.4, 7, 9],
			"to": [5, 9, 11],
			"rotation": {"angle": 22.5, "axis": "z", "origin": [3, 8, 10]},
			"faces": {
				"north": {"uv": [3.5, 10, 0, 12], "texture": "#7"},
				"east": {"uv": [14, 4, 16, 6], "texture": "#7"},
				"south": {"uv": [0, 10, 3.5, 12], "texture": "#7"},
				"west": {"uv": [6, 14, 8, 16], "texture": "#7"},
				"up": {"uv": [13.5, 2, 10, 0], "texture": "#7"},
				"down": {"uv": [13.5, 2, 10, 4], "texture": "#7"}
			}
		},
		{
			"from": [1, 6.4, 9],
			"to": [3, 10, 11],
			"rotation": {"angle": 0, "axis": "y", "origin": [3, 8, 10]},
			"faces": {
				"north": {"uv": [8, 10, 6, 13.5], "texture": "#7"},
				"east": {"uv": [10, 4, 12, 7.5], "texture": "#7"},
				"south": {"uv": [6, 10, 8, 13.5], "texture": "#7"},
				"west": {"uv": [8, 10, 10, 13.5], "texture": "#7"},
				"up": {"uv": [16, 8, 14, 6], "texture": "#7"},
				"down": {"uv": [10, 14, 8, 16], "texture": "#7"}
			}
		},
		{
			"from": [0.4, 5.5, 9],
			"to": [2.4, 9.1, 11],
			"rotation": {"angle": -22.5, "axis": "z", "origin": [3, 8, 10]},
			"faces": {
				"north": {"uv": [4, 12, 2, 15.5], "texture": "#7"},
				"east": {"uv": [0, 12, 2, 15.5], "texture": "#7"},
				"south": {"uv": [2, 12, 4, 15.5], "texture": "#7"},
				"west": {"uv": [12, 4, 14, 7.5], "texture": "#7"},
				"up": {"uv": [16, 10, 14, 8], "texture": "#7"},
				"down": {"uv": [12, 14, 10, 16], "texture": "#7"}
			}
		}
	],
	"display": {
		"thirdperson_righthand": {
			"rotation": [0, 180, 0]
		},
		"thirdperson_lefthand": {
			"rotation": [0, 180, 0]
		},
		"firstperson_righthand": {
			"translation": [5, 0, 0.75]
		},
		"firstperson_lefthand": {
			"translation": [5.75, -0.25, 0]
		},
		"head": {
			"rotation": [0, 180, 0],
			"scale": [1.6, 1.6, 1.6]
		},
		"fixed": {
			"rotation": [-90, 180, 0],
			"translation": [0, 0, -4.75],
			"scale": [3.19727, 3.19727, 3.19727]
		}
	},
	"groups": [
		{
			"name": "Head",
			"origin": [0, 24, 0],
			"color": 0,
			"children": [0, 1]
		},
		{
			"name": "orbitals",
			"origin": [8.13717, 10.40608, 12.5],
			"color": 0,
			"children": [2, 3, 4, 5, 6, 7, 8, 9]
		},
		{
			"name": "halo",
			"origin": [12, 14.4, 12],
			"color": 0,
			"children": [10, 11, 12, 13, 14, 15, 16, 17]
		},
		{
			"name": "blindfold",
			"origin": [0, 0.5, 0],
			"color": 0,
			"children": [18, 19, 20, 21, 22, 23, 24, 25, 26]
		},
		{
			"name": "ear feather thingyy",
			"origin": [3, 8, 10],
			"color": 0,
			"children": [27, 28, 29, 30, 31, 32]
		}
	]
}