{
    "parent": "minecraft:item/handheld",
    "textures": {
        "layer0": "minecraft:item/netherite_sword"
    },
    "overrides": [
        {
            "predicate": {
                "custom_model_data": 30
            },
            "model": "minecraft:item/key"
        },
        {
            "predicate": {
                "custom_model_data": 3004
            },
            "model": "minecraft:item/runicsword"
        },
        {
            "predicate": {
                "custom_model_data": 3005
            },
            "model": "minecraft:item/amethystsword"
        },
        {
            "predicate": {
                "custom_model_data": 3006
            },
            "model": "minecraft:item/jacksword"
        }
    ]
}
