{
	"credit": "Made with Blockbench",
	"texture_size": [64, 64],
	"textures": {
		"0": "item/pet",
		"1": "item/frame",
		"particle": "item/pet"
	},
	"elements": [
		{
			"from": [-16, 0, -16],
			"to": [32, 0, 32],
			"rotation": {"angle": 0, "axis": "y", "origin": [8, 0, 8]},
			"faces": {
				"north": {"uv": [0, 0, 16, 1], "texture": "#0"},
				"east": {"uv": [0, 0, 16, 1], "texture": "#0"},
				"south": {"uv": [0, 0, 16, 1], "texture": "#0"},
				"west": {"uv": [0, 0, 16, 1], "texture": "#0"},
				"up": {"uv": [0, 0, 16, 16], "rotation": 180, "texture": "#0"},
				"down": {"uv": [0, 0, 16, 16], "texture": "#0"}
			}
		},
		{
			"from": [-16, 0, -16],
			"to": [32, 0.25, -15.75],
			"faces": {
				"north": {"uv": [0, 0, 12, 0.25], "texture": "#1"},
				"east": {"uv": [1, 3, 1.25, 3.25], "texture": "#1"},
				"south": {"uv": [0, 0.25, 12, 0.5], "texture": "#1"},
				"west": {"uv": [1.25, 3, 1.5, 3.25], "texture": "#1"},
				"up": {"uv": [12, 0.75, 0, 0.5], "texture": "#1"},
				"down": {"uv": [12, 0.75, 0, 1], "texture": "#1"}
			}
		},
		{
			"from": [-16, 0, 31.75],
			"to": [32, 0.25, 32],
			"rotation": {"angle": 0, "axis": "y", "origin": [16, 0, 16]},
			"faces": {
				"north": {"uv": [1, 2, 13, 2.25], "texture": "#1"},
				"east": {"uv": [2.5, 3, 2.75, 3.25], "texture": "#1"},
				"south": {"uv": [1, 2.25, 13, 2.5], "texture": "#1"},
				"west": {"uv": [2.75, 3, 3, 3.25], "texture": "#1"},
				"up": {"uv": [13, 2.75, 1, 2.5], "texture": "#1"},
				"down": {"uv": [13, 2.75, 1, 3], "texture": "#1"}
			}
		},
		{
			"from": [-16, 0, -16],
			"to": [-15.75, 0.25, 32],
			"rotation": {"angle": 0, "axis": "y", "origin": [8, 0.125, 8]},
			"faces": {
				"north": {"uv": [1.5, 3, 1.75, 3.25], "texture": "#1"},
				"east": {"uv": [0, 1, 12, 1.25], "texture": "#1"},
				"south": {"uv": [1.75, 3, 2, 3.25], "texture": "#1"},
				"west": {"uv": [0, 1.25, 12, 1.5], "texture": "#1"},
				"up": {"uv": [0.25, 13.5, 0, 1.5], "texture": "#1"},
				"down": {"uv": [0.5, 1.5, 0.25, 13.5], "texture": "#1"}
			}
		},
		{
			"from": [31.75, 0, -16],
			"to": [32, 0.25, 32],
			"rotation": {"angle": 0, "axis": "y", "origin": [8, 0.125, 8]},
			"faces": {
				"north": {"uv": [2, 3, 2.25, 3.25], "texture": "#1"},
				"east": {"uv": [0.5, 1.5, 12.5, 1.75], "texture": "#1"},
				"south": {"uv": [2.25, 3, 2.5, 3.25], "texture": "#1"},
				"west": {"uv": [0.5, 1.75, 12.5, 2], "texture": "#1"},
				"up": {"uv": [0.75, 14, 0.5, 2], "texture": "#1"},
				"down": {"uv": [1, 2, 0.75, 14], "texture": "#1"}
			}
		}
	],
	"display": {
		"thirdperson_righthand": {
			"rotation": [-74.99, -4.86, 163.14],
			"translation": [0, 0.75, 1],
			"scale": [0.08398, 0.08398, 0.08398]
		},
		"thirdperson_lefthand": {
			"rotation": [-96, 0, 0],
			"translation": [0, -2, -1],
			"scale": [0.10547, 0.10547, 0.10547]
		},
		"firstperson_righthand": {
			"rotation": [74, -180, -45],
			"translation": [1, 2.75, 1.75],
			"scale": [0.07969, 0.07969, 0.07969]
		},
		"firstperson_lefthand": {
			"rotation": [-99, 4, 160],
			"translation": [4.25, 1.5, 0],
			"scale": [0.08359, 0.08359, 0.08359]
		},
		"ground": {
			"translation": [0, -0.25, 0],
			"scale": [0.20703, 0.20703, 0.20703]
		},
		"gui": {
			"rotation": [30, 225, 0],
			"scale": [0.19141, 0.19141, 0.19141]
		},
		"head": {
			"translation": [0, 13, 0]
		},
		"fixed": {
			"rotation": [-90, 0, 0],
			"translation": [0, 32, -16.25],
			"scale": [2, 2, 2]
		}
	}
}