{
	"credit": "Made with Blockbench",
	"ambientocclusion": false,
	"texture_size": [32, 32],
	"textures": {
		"0": "item/spellbook1",
		"1": "item/spellbook2",
		"2": "item/spellbook3",
		"3": "item/spellbook4",
		"particle": "item/spellbook4"
	},
	"elements": [
		{
			"from": [3.75, 5.6, 6.95],
			"to": [12.25, 5.65, 14.15],
			"rotation": {"angle": -22.5, "axis": "x", "origin": [8.5, 8, 8.5]},
			"faces": {
				"north": {"uv": [0, 8, 4.5, 8.5], "texture": "#0"},
				"east": {"uv": [0, 9, 4, 9.5], "texture": "#0"},
				"south": {"uv": [4.5, 8, 9, 8.5], "texture": "#0"},
				"west": {"uv": [9, 0, 13, 0.5], "texture": "#0"},
				"up": {"uv": [4.5, 4, 0, 0], "texture": "#0"},
				"down": {"uv": [4.5, 4, 0, 8], "texture": "#0"}
			}
		},
		{
			"from": [3.75, 5.6, 1.85],
			"to": [12.25, 5.65, 9.05],
			"rotation": {"angle": 22.5, "axis": "x", "origin": [8.5, 8, 7.5]},
			"faces": {
				"north": {"uv": [0, 8.5, 4.5, 9], "texture": "#0"},
				"east": {"uv": [9, 0.5, 13, 1], "texture": "#0"},
				"south": {"uv": [4.5, 8.5, 9, 9], "texture": "#0"},
				"west": {"uv": [9, 1, 13, 1.5], "texture": "#0"},
				"up": {"uv": [9, 4, 4.5, 0], "texture": "#0"},
				"down": {"uv": [9, 4, 4.5, 8], "texture": "#0"}
			}
		},
		{
			"from": [3.75, 4.75, 1.65],
			"to": [12.25, 5.5, 9.25],
			"rotation": {"angle": 22.5, "axis": "x", "origin": [8.5, 7.5, 7.5]},
			"faces": {
				"north": {"uv": [0, 8.5, 4.5, 9], "texture": "#1"},
				"east": {"uv": [9, 0.5, 13, 1], "texture": "#1"},
				"south": {"uv": [4.5, 8.5, 9, 9], "texture": "#1"},
				"west": {"uv": [0, 9, 4, 9.5], "texture": "#1"},
				"up": {"uv": [9, 4, 4.5, 0], "texture": "#1"},
				"down": {"uv": [9, 4, 4.5, 8], "texture": "#1"}
			}
		},
		{
			"from": [3.75, 4.75, 6.75],
			"to": [12.25, 5.5, 14.35],
			"rotation": {"angle": -22.5, "axis": "x", "origin": [8.5, 7.5, 8.5]},
			"faces": {
				"north": {"uv": [0, 8, 4.5, 8.5], "texture": "#1"},
				"east": {"uv": [0, 9, 4, 9.5], "texture": "#1"},
				"south": {"uv": [4.5, 8, 9, 8.5], "texture": "#1"},
				"west": {"uv": [9, 0.5, 13, 1], "texture": "#1"},
				"up": {"uv": [4.5, 4, 0, 0], "texture": "#1"},
				"down": {"uv": [4.5, 4, 0, 8], "texture": "#1"}
			}
		},
		{
			"from": [3.5, 4.5, 7],
			"to": [12.5, 4.75, 14.5],
			"rotation": {"angle": -22.5, "axis": "x", "origin": [8.5, 7.5, 8.5]},
			"faces": {
				"north": {"uv": [0, 9, 4.5, 9.5], "texture": "#3"},
				"east": {"uv": [9, 2.5, 13, 3], "texture": "#3"},
				"south": {"uv": [9, 0.5, 13.5, 1], "texture": "#3"},
				"west": {"uv": [9, 3.5, 13, 4], "texture": "#3"},
				"up": {"uv": [4.5, 8, 0, 4], "texture": "#3"},
				"down": {"uv": [4.5, 4, 0, 8], "texture": "#3"}
			}
		},
		{
			"from": [3.5, 4.125, 7.25],
			"to": [12.5, 4.475, 8.75],
			"rotation": {"angle": 0, "axis": "x", "origin": [8.5, 11.125, 8.75]},
			"faces": {
				"north": {"uv": [9, 1.5, 13.5, 2], "texture": "#3"},
				"east": {"uv": [4.5, 9, 5.5, 9.5], "texture": "#3"},
				"south": {"uv": [9, 2, 13.5, 2.5], "texture": "#3"},
				"west": {"uv": [9, 4.5, 10, 5], "texture": "#3"},
				"up": {"uv": [9, 9, 4.5, 8], "texture": "#3"},
				"down": {"uv": [9, 8, 4.5, 9], "texture": "#3"}
			}
		},
		{
			"from": [3.5, 4.5, 1.5],
			"to": [12.5, 4.75, 9],
			"rotation": {"angle": 22.5, "axis": "x", "origin": [7.5, 7.5, 7.5]},
			"faces": {
				"north": {"uv": [9, 0.5, 13.5, 1], "texture": "#3"},
				"east": {"uv": [9, 3.5, 13, 4], "texture": "#3"},
				"south": {"uv": [9, 1, 13.5, 1.5], "texture": "#3"},
				"west": {"uv": [9, 2.5, 13, 3], "texture": "#3"},
				"up": {"uv": [9, 8, 4.5, 4], "texture": "#3"},
				"down": {"uv": [9, 4, 4.5, 8], "texture": "#3"}
			}
		},
		{
			"from": [3.65, 4.75312, 12.65],
			"to": [10.4, 5.70312, 13.4],
			"rotation": {"angle": -22.5, "axis": "x", "origin": [8.5, 8, 8.5]},
			"faces": {
				"north": {"uv": [0, 0, 7, 1], "texture": "#2"},
				"east": {"uv": [0, 4, 1, 5], "texture": "#2"},
				"south": {"uv": [0, 1, 7, 2], "texture": "#2"},
				"west": {"uv": [1, 4, 2, 5], "texture": "#2"},
				"up": {"uv": [7, 3, 0, 2], "texture": "#2"},
				"down": {"uv": [7, 3, 0, 4], "texture": "#2"}
			}
		}
	],
	"display": {
		"thirdperson_righthand": {
			"rotation": [135.99, -86.18, 58.48],
			"translation": [-0.25, 4.25, 3]
		},
		"thirdperson_lefthand": {
			"rotation": [-137.98, 84.71, -147.85],
			"translation": [-0.25, 4.25, 2.75]
		},
		"firstperson_righthand": {
			"rotation": [154.05, -56.57, 101.68],
			"translation": [2.5, 2.5, 0]
		},
		"firstperson_lefthand": {
			"rotation": [-35.17, 39.24, 74.89],
			"translation": [0, 2.5, 1.25],
			"scale": [0.5918, 0.5918, 0.5918]
		},
		"ground": {
			"scale": [0.66602, 0.66602, 0.66602]
		},
		"gui": {
			"rotation": [12.63, -55.76, -66.25],
			"translation": [0.5, 0, 0],
			"scale": [1.12695, 1.12695, 1.12695]
		},
		"head": {
			"rotation": [0, 90, 0],
			"translation": [0, 8.75, 0]
		},
		"fixed": {
			"rotation": [90, 90, -180],
			"translation": [0, 0, -6.75],
			"scale": [1.81641, 1.81641, 1.81641]
		}
	},
	"groups": [
		{
			"name": "group",
			"origin": [8.5, 7.5, 8.5],
			"color": 0,
			"children": [0, 1]
		},
		{
			"name": "group",
			"origin": [8.5, 7.5, 8.5],
			"color": 0,
			"children": [2, 3]
		},
		{
			"name": "group",
			"origin": [7.5, 7.5, 7.5],
			"color": 0,
			"children": [4, 5, 6]
		},
		7
	]
}
