{
	"credit": "Made with Blockbench",
	"texture_size": [2048, 2060],
	"textures": {
		"1": "item/starlight_magic_circle"
	},
	"elements": [
		{
			"from": [0, 0, 0],
			"to": [16, 16, 0],
			"rotation": {"angle": 0, "axis": "y", "origin": [14, 0, 0]},
			"faces": {
				"north": {"uv": [0, 0, 16, 16], "texture": "#1"},
				"east": {"uv": [0, 0, 0, 0], "texture": "#1"},
				"south": {"uv": [16, 0, 0, 16], "texture": "#1"},
				"west": {"uv": [0, 0, 0, 0], "texture": "#1"},
				"up": {"uv": [0, 0, 0, 0], "texture": "#1"},
				"down": {"uv": [0, 0, 0, 0], "texture": "#1"}
			}
		}
	],
	"display": {
		"thirdperson_righthand": {
			"rotation": [67, 0, 0],
			"translation": [0, -6.75, 2.5]
		},
		"thirdperson_lefthand": {
			"rotation": [67, 0, 0],
			"translation": [0, -6.75, 2.5]
		},
		"firstperson_righthand": {
			"translation": [11, 0, 0]
		},
		"firstperson_lefthand": {
			"translation": [11, 0, 0]
		},
		"ground": {
			"rotation": [90, 0, 0],
			"translation": [-0.25, -20, -2.87],
			"scale": [4, 4, 1]
		},
		"gui": {
			"translation": [-0.5, -0.5, 0]
		},
		"head": {
			"rotation": [90, 0, 0],
			"translation": [-0.6, -3, -0.75]
		},
		"fixed": {
			"translation": [-2.1, -2.25, 7.25],
			"scale": [4, 4, 1]
		}
	}
}
