{
	"credit": "Made with Blockbench",
	"ambientocclusion": false,
	"texture_size": [32, 32],
	"textures": {
		"0": "item/vertinsuitcase1",
		"1": "item/vertinsuitcase2",
		"2": "item/vertinsuitcase3",
		"3": "item/vertinsuitcase4",
		"particle": "item/vertinsuitcase1"
	},
	"elements": [
		{
			"name": "case",
			"from": [1, 0, 6],
			"to": [15, 10, 11],
			"faces": {
				"north": {"uv": [0, 0, 7, 5], "texture": "#3"},
				"east": {"uv": [7, 5, 9.5, 10], "texture": "#3"},
				"south": {"uv": [0, 5, 7, 10], "texture": "#3"},
				"west": {"uv": [9.5, 5, 12, 10], "texture": "#3"},
				"up": {"uv": [14, 2.5, 7, 0], "texture": "#3"},
				"down": {"uv": [14, 2.5, 7, 5], "texture": "#3"}
			}
		},
		{
			"name": "outer layer",
			"from": [0.75, -0.25, 5.75],
			"to": [15.25, 10.25, 11.25],
			"faces": {
				"north": {"uv": [0, 0, 7.5, 5.5], "texture": "#0"},
				"east": {"uv": [7.5, 6, 10.5, 11.5], "texture": "#0"},
				"south": {"uv": [0, 5.5, 7.5, 11], "texture": "#0"},
				"west": {"uv": [10.5, 6, 13.5, 11.5], "texture": "#0"},
				"up": {"uv": [15, 3, 7.5, 0], "texture": "#0"},
				"down": {"uv": [15, 3, 7.5, 6], "texture": "#0"}
			}
		},
		{
			"from": [3, 10, 8],
			"to": [5, 10.25, 9],
			"faces": {
				"north": {"uv": [2, 1, 4, 2], "texture": "#1"},
				"east": {"uv": [1, 4, 2, 5], "texture": "#1"},
				"south": {"uv": [2, 2, 4, 3], "texture": "#1"},
				"west": {"uv": [4, 1, 5, 2], "texture": "#1"},
				"up": {"uv": [2, 4, 0, 3], "texture": "#1"},
				"down": {"uv": [4, 3, 2, 4], "texture": "#1"}
			}
		},
		{
			"from": [11, 10, 8],
			"to": [13, 10.25, 9],
			"faces": {
				"north": {"uv": [0, 0, 2, 1], "texture": "#1"},
				"east": {"uv": [0, 4, 1, 5], "texture": "#1"},
				"south": {"uv": [0, 1, 2, 2], "texture": "#1"},
				"west": {"uv": [4, 0, 5, 1], "texture": "#1"},
				"up": {"uv": [2, 3, 0, 2], "texture": "#1"},
				"down": {"uv": [4, 0, 2, 1], "texture": "#1"}
			}
		},
		{
			"from": [6.1, 10.75, 8],
			"to": [9.9, 11, 9],
			"faces": {
				"north": {"uv": [1, 3, 5, 4], "texture": "#2"},
				"east": {"uv": [5, 1, 6, 2], "texture": "#2"},
				"south": {"uv": [3, 2, 7, 3], "texture": "#2"},
				"west": {"uv": [2, 5, 3, 6], "texture": "#2"},
				"up": {"uv": [4, 1, 0, 0], "texture": "#2"},
				"down": {"uv": [4, 1, 0, 2], "texture": "#2"}
			}
		},
		{
			"from": [9.925, 10.075, 8],
			"to": [10.175, 11.075, 9],
			"rotation": {"angle": 22.5, "axis": "z", "origin": [10.25, 10.125, 8.5]},
			"faces": {
				"north": {"uv": [3, 5, 4, 6], "texture": "#2"},
				"east": {"uv": [2, 2, 3, 3], "texture": "#2"},
				"south": {"uv": [5, 3, 6, 4], "texture": "#2"},
				"west": {"uv": [0, 3, 1, 4], "texture": "#2"},
				"up": {"uv": [5, 6, 4, 5], "texture": "#2"},
				"down": {"uv": [6, 4, 5, 5], "texture": "#2"}
			}
		},
		{
			"from": [6.175, 8.325, 8],
			"to": [6.425, 9.325, 9],
			"rotation": {"angle": -22.5, "axis": "z", "origin": [10.25, 10.125, 8.5]},
			"faces": {
				"north": {"uv": [4, 4, 5, 5], "texture": "#2"},
				"east": {"uv": [0, 2, 1, 3], "texture": "#2"},
				"south": {"uv": [0, 5, 1, 6], "texture": "#2"},
				"west": {"uv": [1, 2, 2, 3], "texture": "#2"},
				"up": {"uv": [6, 1, 5, 0], "texture": "#2"},
				"down": {"uv": [2, 5, 1, 6], "texture": "#2"}
			}
		},
		{
			"from": [10, 10, 8],
			"to": [10.5, 10.25, 9],
			"faces": {
				"north": {"uv": [6, 1, 7, 2], "texture": "#2"},
				"east": {"uv": [5, 5, 6, 6], "texture": "#2"},
				"south": {"uv": [2, 6, 3, 7], "texture": "#2"},
				"west": {"uv": [0, 6, 1, 7], "texture": "#2"},
				"up": {"uv": [2, 5, 1, 4], "texture": "#2"},
				"down": {"uv": [5, 1, 4, 2], "texture": "#2"}
			}
		},
		{
			"from": [5.5, 10, 8],
			"to": [6, 10.25, 9],
			"faces": {
				"north": {"uv": [6, 0, 7, 1], "texture": "#2"},
				"east": {"uv": [2, 4, 3, 5], "texture": "#2"},
				"south": {"uv": [1, 6, 2, 7], "texture": "#2"},
				"west": {"uv": [3, 4, 4, 5], "texture": "#2"},
				"up": {"uv": [1, 5, 0, 4], "texture": "#2"},
				"down": {"uv": [5, 0, 4, 1], "texture": "#2"}
			}
		}
	],
	"display": {
		"thirdperson_righthand": {
			"rotation": [-80.48, -89.05, -147.93],
			"translation": [1.25, -4.5, -2]
		},
		"thirdperson_lefthand": {
			"rotation": [-80.48, -89.05, -147.93],
			"translation": [1.25, -4.5, -2]
		},
		"firstperson_righthand": {
			"rotation": [0, 88.25, 0],
			"translation": [5, -2.25, 0]
		},
		"firstperson_lefthand": {
			"rotation": [0, 88.25, 0],
			"translation": [5, -2.25, 0]
		},
		"ground": {
			"translation": [0, 4.5, 0]
		},
		"gui": {
			"translation": [0, 3, 0]
		},
		"head": {
			"translation": [0, 12.5, 0]
		},
		"fixed": {
			"rotation": [-90, 0, 0],
			"translation": [0, -0.25, -13.75],
			"scale": [2.11719, 2.11719, 2.11719]
		}
	}
}